,name,category_code,number_of_employees,founded_year,location,latitude,longitude,total_money_raised ($k)
0,Digg,news,60.0,2004.0,"{'type': 'Point', 'coordinates': [-122.394523, 37.764726]}",37.764726,-122.394523,45000.0
1,Scribd,news,50.0,2007.0,"{'type': 'Point', 'coordinates': [-122.404052, 37.789634]}",37.789634,-122.404052,25800.0
2,StumbleUpon,web,,2002.0,"{'type': 'Point', 'coordinates': [-122.419204, 37.775196]}",37.775196,-122.419204,18500.0
3,Twitter,social,1300.0,2006.0,"{'type': 'Point', 'coordinates': [-122.4169244, 37.7768052]}",37.7768052,-122.4169244,1160000.0
4,Powerset,search,60.0,2006.0,"{'type': 'Point', 'coordinates': [-122.395289, 37.778613]}",37.778613,-122.395289,22500.0
5,Technorati,advertising,35.0,2002.0,"{'type': 'Point', 'coordinates': [-122.393041, 37.779558]}",37.779558,-122.393041,32100.0
6,AddThis,advertising,120.0,2004.0,,Invalid lat long,Invalid lat long,73000.0
7,Kyte,games_video,40.0,2006.0,"{'type': 'Point', 'coordinates': [-122.409173, 37.788482]}",37.788482,-122.409173,23400.0
8,Wesabe,web,,2005.0,"{'type': 'Point', 'coordinates': [-122.402567, 37.793148]}",37.793148,-122.402567,4700.0
9,Prosper,finance,,2006.0,"{'type': 'Point', 'coordinates': [-122.402524, 37.78976]}",37.78976,-122.402524,120000.0
10,Ustream,games_video,250.0,2007.0,"{'type': 'Point', 'coordinates': [-122.07948, 37.392936]}",37.392936,-122.07948,60100.0
11,Pownce,web,6.0,2007.0,"{'type': 'Point', 'coordinates': [-122.397224, 37.762541]}",37.762541,-122.397224,0.0
12,Revision3,games_video,,2005.0,"{'type': 'Point', 'coordinates': [-122.388243, 37.757758]}",37.757758,-122.388243,9000.0
13,CastTV,games_video,0.0,2006.0,"{'type': 'Point', 'coordinates': [-122.393913, 37.780716]}",37.780716,-122.393913,3100.0
14,iSkoot,mobile,,2005.0,"{'type': 'Point', 'coordinates': [-122.396744, 37.780134]}",37.780134,-122.396744,32200.0
15,blinkx,games_video,,2004.0,"{'type': 'Point', 'coordinates': [-122.395089, 37.793819]}",37.793819,-122.395089,0.0
16,Mashery,enterprise,0.0,2006.0,"{'type': 'Point', 'coordinates': [-122.4038047, 37.7870842]}",37.7870842,-122.4038047,34700.0
17,Zooomr,web,,2006.0,"{'type': 'Point', 'coordinates': [-122.419204, 37.775196]}",37.775196,-122.419204,50.0
18,Yelp,search,800.0,2004.0,"{'type': 'Point', 'coordinates': [-122.402195, 37.786183]}",37.786183,-122.402195,90000.0
19,Pageflakes,web,20.0,2006.0,"{'type': 'Point', 'coordinates': [-122.414689, 37.758113]}",37.758113,-122.414689,4100.0
20,Instructables,web,,2005.0,"{'type': 'Point', 'coordinates': [-122.4058887, 37.7791761]}",37.7791761,-122.4058887,0.0
21,KickApps,enterprise,72.0,2004.0,"{'type': 'Point', 'coordinates': [-122.4016144, 37.7891086]}",37.7891086,-122.4016144,32000.0
22,BabyCenter,web,,1997.0,"{'type': 'Point', 'coordinates': [-122.397977, 37.778076]}",37.778076,-122.397977,0.0
23,Slide,public_relations,64.0,2005.0,"{'type': 'Point', 'coordinates': [-122.392144, 37.781427]}",37.781427,-122.392144,78000.0
24,Netvibes,web,35.0,2005.0,,Invalid lat long,Invalid lat long,16000.0
25,Swivel,search,1.0,2005.0,"{'type': 'Point', 'coordinates': [-122.395184, 37.789268]}",37.789268,-122.395184,2000.0
26,Dogster,web,,2004.0,"{'type': 'Point', 'coordinates': [-122.400909, 37.762681]}",37.762681,-122.400909,1000.0
27,Bebo,web,0.0,2005.0,"{'type': 'Point', 'coordinates': [-122.401116, 37.782103]}",37.782103,-122.401116,15000.0
28,Google,search,28000.0,1998.0,"{'type': 'Point', 'coordinates': [-122.389757, 37.789803]}",37.789803,-122.389757,555000.0
29,Loomia,web,,2004.0,"{'type': 'Point', 'coordinates': [-122.404869, 37.796396]}",37.796396,-122.404869,7500.0
30,adBrite,advertising,50.0,2003.0,"{'type': 'Point', 'coordinates': [-122.40184, 37.779026]}",37.779026,-122.40184,40400.0
31,Meebo,web,200.0,2005.0,,Invalid lat long,Invalid lat long,70000.0
32,Eventbrite,web,200.0,2006.0,"{'type': 'Point', 'coordinates': [-122.39071, 37.779507]}",37.779507,-122.39071,140000.0
33,GigaOM,news,75.0,2006.0,"{'type': 'Point', 'coordinates': [-122.419204, 37.775196]}",37.775196,-122.419204,14300.0
34,Techmeme,web,11.0,2004.0,"{'type': 'Point', 'coordinates': [-122.3985871, 37.7618242]}",37.7618242,-122.3985871,0.0
35,Seesmic,web,13.0,2007.0,"{'type': 'Point', 'coordinates': [-122.419204, 37.775196]}",37.775196,-122.419204,16000.0
36,Ujogo,web,6.0,2007.0,"{'type': 'Point', 'coordinates': [-122.392861, 37.76785]}",37.76785,-122.392861,0.0
37,GoingOn,software,40.0,2008.0,"{'type': 'Point', 'coordinates': [-122.392142, 37.782263]}",37.782263,-122.392142,8500.0
38,Flixster,web,75.0,2006.0,"{'type': 'Point', 'coordinates': [-122.406676, 37.766909]}",37.766909,-122.406676,7180.0
39,Vast,ecommerce,,2001.0,"{'type': 'Point', 'coordinates': [-122.397759, 37.787183]}",37.787183,-122.397759,0.0
40,Piczo,network_hosting,,1990.0,"{'type': 'Point', 'coordinates': [-122.398479, 37.793703]}",37.793703,-122.398479,11000.0
41,PowerReviews,social,120.0,,"{'type': 'Point', 'coordinates': [-122.393041, 37.779558]}",37.779558,-122.393041,40100.0
42,hi5,games_video,100.0,2003.0,"{'type': 'Point', 'coordinates': [-122.400558, 37.788668]}",37.788668,-122.400558,52000.0
43,Tagged,social,162.0,2004.0,"{'type': 'Point', 'coordinates': [-122.4186, 37.7753]}",37.7753,-122.4186,28700.0
44,Curse,games_video,58.0,2006.0,"{'type': 'Point', 'coordinates': [-122.399972, 37.787092]}",37.787092,-122.399972,12000.0
45,eBuddy,messaging,90.0,2003.0,"{'type': 'Point', 'coordinates': [-122.410943, 37.787683]}",37.787683,-122.410943,12535.0
46,Kiptronic,advertising,20.0,2005.0,"{'type': 'Point', 'coordinates': [-122.402349, 37.792394]}",37.792394,-122.402349,7300.0
47,Grockit,social,25.0,2006.0,"{'type': 'Point', 'coordinates': [-122.419204, 37.775196]}",37.775196,-122.419204,44700.0
48,FeVote,web,1.0,2007.0,"{'type': 'Point', 'coordinates': [-122.417928, 37.779392]}",37.779392,-122.417928,0.0
49,Reddit,web,,2005.0,"{'type': 'Point', 'coordinates': [-122.395257, 37.780883]}",37.780883,-122.395257,100.0
50,Wikia,web,,2006.0,,Invalid lat long,Invalid lat long,24800.0
51,Snapfish,network_hosting,,1999.0,"{'type': 'Point', 'coordinates': [-122.396689, 37.78554]}",37.78554,-122.396689,43500.0
52,Viagogo,ecommerce,,2005.0,"{'type': 'Point', 'coordinates': [-0.126236, 51.500152]}",51.500152,-0.126236,65000.0
53,Scrybe,enterprise,20.0,2007.0,"{'type': 'Point', 'coordinates': [-74.761403, 40.270666]}",40.270666,-74.761403,1310.0
54,Metacafe,games_video,,2003.0,"{'type': 'Point', 'coordinates': [-122.159928, 37.437328]}",37.437328,-122.159928,50000.0
55,webcrossing,web,10.0,,"{'type': 'Point', 'coordinates': [-122.399646, 37.794649]}",37.794649,-122.399646,0.0
56,Kontera,advertising,,2003.0,"{'type': 'Point', 'coordinates': [-122.411157, 37.767575]}",37.767575,-122.411157,36100.0
57,ChaCha,advertising,70.0,2005.0,,Invalid lat long,Invalid lat long,89000.0
58,Dropbox,software,350.0,2007.0,"{'type': 'Point', 'coordinates': [-122.4084994, 37.7909427]}",37.7909427,-122.4084994,257000.0
59,IODA,games_video,,,"{'type': 'Point', 'coordinates': [-122.396744, 37.780134]}",37.780134,-122.396744,0.0
60,Snocap,games_video,,,,Invalid lat long,Invalid lat long,25000.0
61,TokBox,messaging,55.0,2007.0,"{'type': 'Point', 'coordinates': [-122.39071, 37.779507]}",37.779507,-122.39071,26000.0
62,Jimdo,web,170.0,2007.0,,Invalid lat long,Invalid lat long,0.0
63,Weebly,web,70.0,2006.0,"{'type': 'Point', 'coordinates': [-122.400729, 37.795555]}",37.795555,-122.400729,670.0
64,Yola,web,70.0,2007.0,"{'type': 'Point', 'coordinates': [-122.3954751, 37.7911148]}",37.7911148,-122.3954751,25000.0
65,BitTorrent,web,80.0,2004.0,"{'type': 'Point', 'coordinates': [-122.394668, 37.790998]}",37.790998,-122.394668,40800.0
66,Kongregate,games_video,20.0,2006.0,"{'type': 'Point', 'coordinates': [-122.401245, 37.786942]}",37.786942,-122.401245,19000.0
67,DanceJam,games_video,0.0,2007.0,"{'type': 'Point', 'coordinates': [-122.407959, 37.781557]}",37.781557,-122.407959,4500.0
68,Eventbee,web,,2003.0,"{'type': 'Point', 'coordinates': [-122.007172, 37.383779]}",37.383779,-122.007172,0.0
69,Guba,web,,1998.0,"{'type': 'Point', 'coordinates': [-95.712891, 37.09024]}",37.09024,-95.712891,0.0
70,Kiva,finance,,2005.0,"{'type': 'Point', 'coordinates': [-122.4147, 37.762125]}",37.762125,-122.4147,9000.0
71,Pixsy Image Search,search,0.0,,"{'type': 'Point', 'coordinates': [-122.393041, 37.779558]}",37.779558,-122.393041,0.0
72,Fathom Online,advertising,,2002.0,"{'type': 'Point', 'coordinates': [-122.419204, 37.775196]}",37.775196,-122.419204,6000.0
73,Zivity,network_hosting,16.0,2007.0,"{'type': 'Point', 'coordinates': [-122.397593, 37.789488]}",37.789488,-122.397593,8000.0
74,DotBlu,web,,2007.0,"{'type': 'Point', 'coordinates': [-95.712891, 37.09024]}",37.09024,-95.712891,2250.0
75,TechCrunch,news,,2005.0,"{'type': 'Point', 'coordinates': [-122.1490582, 37.4459832]}",37.4459832,-122.1490582,0.0
76,Mevio,games_video,,2004.0,"{'type': 'Point', 'coordinates': [-122.392142, 37.782263]}",37.782263,-122.392142,48900.0
77,Atom Entertainment,web,,,"{'type': 'Point', 'coordinates': [-122.401128, 37.790964]}",37.790964,-122.401128,22900.0
78,Greystripe,advertising,90.0,2005.0,"{'type': 'Point', 'coordinates': [-122.39323, 37.710677]}",37.710677,-122.39323,17600.0
79,Trulia,search,500.0,2004.0,"{'type': 'Point', 'coordinates': [-122.406676, 37.766909]}",37.766909,-122.406676,255000.0
80,OpenTable,web,550.0,1998.0,"{'type': 'Point', 'coordinates': [-122.405265, 37.785647]}",37.785647,-122.405265,48000.0
81,Adknowledge,advertising,300.0,2004.0,"{'type': 'Point', 'coordinates': [-122.401406, 37.78866]}",37.78866,-122.401406,248000.0
82,MicroPlace,web,15.0,2007.0,"{'type': 'Point', 'coordinates': [-122.419204, 37.775196]}",37.775196,-122.419204,0.0
83,Crunchyroll,games_video,50.0,2008.0,"{'type': 'Point', 'coordinates': [-122.393229, 37.781265]}",37.781265,-122.393229,4800.0
84,CircleUp,finance,11.0,2011.0,,Invalid lat long,Invalid lat long,9000.0
85,imeem,music,55.0,2003.0,"{'type': 'Point', 'coordinates': [-122.391236, 37.779624]}",37.779624,-122.391236,24800.0
86,BeFunky,photo_video,6.0,2007.0,"{'type': 'Point', 'coordinates': [-122.4194155, 37.7749295]}",37.7749295,-122.4194155,1650.0
87,WooMe,web,51.0,2000.0,,Invalid lat long,Invalid lat long,17400.0
88,TripIt,travel,63.0,2006.0,"{'type': 'Point', 'coordinates': [-122.402021, 37.764169]}",37.764169,-122.402021,13100.0
89,YourStreet,web,6.0,2006.0,"{'type': 'Point', 'coordinates': [-122.421341, 37.793742]}",37.793742,-122.421341,250.0
90,Auctomatic,web,,,"{'type': 'Point', 'coordinates': [-122.389676, 37.786175]}",37.786175,-122.389676,400.0
91,Boomi,enterprise,35.0,2000.0,,Invalid lat long,Invalid lat long,4900.0
92,Data360,web,0.0,2006.0,"{'type': 'Point', 'coordinates': [-122.306571, 37.799549]}",37.799549,-122.306571,0.0
93,Animoto,music,60.0,2006.0,,Invalid lat long,Invalid lat long,30000.0
94,Jawbone,hardware,,1999.0,"{'type': 'Point', 'coordinates': [-122.402866, 37.768708]}",37.768708,-122.402866,403000.0
95,Xobni,software,0.0,2006.0,"{'type': 'Point', 'coordinates': [-122.404052, 37.789634]}",37.789634,-122.404052,41800.0
96,GroupSwim,software,9.0,2005.0,"{'type': 'Point', 'coordinates': [-122.393041, 37.779558]}",37.779558,-122.393041,0.0
97,Vestopia,web,,2007.0,"{'type': 'Point', 'coordinates': [-122.403486, 37.792262]}",37.792262,-122.403486,0.0
98,3Jam,mobile,,2005.0,"{'type': 'Point', 'coordinates': [-122.4044034, 37.765125]}",37.765125,-122.4044034,4000.0
99,PlaySpan,games_video,,2006.0,,Invalid lat long,Invalid lat long,46300.0
100,Zannel,web,,,"{'type': 'Point', 'coordinates': [-122.419204, 37.775196]}",37.775196,-122.419204,16000.0
101,Wikinvest,web,,2006.0,"{'type': 'Point', 'coordinates': [-122.419204, 37.775196]}",37.775196,-122.419204,2500.0
102,Rupture,games_video,25.0,,"{'type': 'Point', 'coordinates': [-122.395234, 37.783898]}",37.783898,-122.395234,3000.0
103,Whiskey Media,web,12.0,2007.0,"{'type': 'Point', 'coordinates': [-122.495222, 37.856331]}",37.856331,-122.495222,4000.0
104,SnapLayout,network_hosting,,,"{'type': 'Point', 'coordinates': [-122.419204, 37.775196]}",37.775196,-122.419204,650.0
105,Blurb,ecommerce,150.0,2005.0,"{'type': 'Point', 'coordinates': [-122.40414, 37.792968]}",37.792968,-122.40414,21600.0
106,The Climate Corporation,cleantech,150.0,2006.0,"{'type': 'Point', 'coordinates': [-122.394354, 37.782809]}",37.782809,-122.394354,109000.0
107,Automattic,web,200.0,2005.0,"{'type': 'Point', 'coordinates': [-122.421344, 37.744274]}",37.744274,-122.421344,30600.0
108,Radar Networks,advertising,,,"{'type': 'Point', 'coordinates': [-122.398058, 37.7753]}",37.7753,-122.398058,24000.0
109,Wix,web,400.0,2006.0,,Invalid lat long,Invalid lat long,58500.0
110,tyntec,mobile,150.0,2002.0,"{'type': 'Point', 'coordinates': [-122.398125, 37.7911209]}",37.7911209,-122.398125,0.0
111,Crusher,web,3.0,2006.0,"{'type': 'Point', 'coordinates': [-122.430127, 37.772542]}",37.772542,-122.430127,0.0
112,Marakana,education,0.0,2005.0,"{'type': 'Point', 'coordinates': [-122.394265, 37.789498]}",37.789498,-122.394265,200.0
113,eXelate,advertising,,2007.0,"{'type': 'Point', 'coordinates': [-122.3990501, 37.787249]}",37.787249,-122.3990501,32000.0
114,blueKiwi,enterprise,30.0,2006.0,,Invalid lat long,Invalid lat long,12300.0
115,Socializr,network_hosting,,,"{'type': 'Point', 'coordinates': [-122.395602, 37.77759]}",37.77759,-122.395602,2250.0
116,Gydget,web,,2007.0,"{'type': 'Point', 'coordinates': [-122.398398, 37.791733]}",37.791733,-122.398398,1000.0
117,Songbird,mobile,,2006.0,"{'type': 'Point', 'coordinates': [-122.39783, 37.787126]}",37.787126,-122.39783,11000.0
118,Disqus,web,43.0,2007.0,"{'type': 'Point', 'coordinates': [-122.397672, 37.786906]}",37.786906,-122.397672,10500.0
119,Vitrue,enterprise,,2006.0,,Invalid lat long,Invalid lat long,33000.0
120,mDialog,advertising,,2005.0,,Invalid lat long,Invalid lat long,8150.0
121,BrightRoll,advertising,,2006.0,"{'type': 'Point', 'coordinates': [-122.401144, 37.794643]}",37.794643,-122.401144,46000.0
122,Dipity,web,4.0,2007.0,"{'type': 'Point', 'coordinates': [-122.394958, 37.781262]}",37.781262,-122.394958,900.0
123,Doppelganger,web,,,"{'type': 'Point', 'coordinates': [-122.413912, 37.762162]}",37.762162,-122.413912,11000.0
124,Turn,advertising,,2004.0,,Invalid lat long,Invalid lat long,61100.0
125,Adteractive,advertising,,,"{'type': 'Point', 'coordinates': [-122.396689, 37.78554]}",37.78554,-122.396689,5100.0
126,Podaddies,advertising,,2006.0,"{'type': 'Point', 'coordinates': [-122.4099154, 37.7726402]}",37.7726402,-122.4099154,1000.0
127,Frappr,web,,2005.0,,Invalid lat long,Invalid lat long,0.0
128,GameLayers,web,5.0,2007.0,"{'type': 'Point', 'coordinates': [-122.402468, 37.803847]}",37.803847,-122.402468,2000.0
129,beRecruited,sports,,2000.0,"{'type': 'Point', 'coordinates': [-84.389663, 33.754487]}",33.754487,-84.389663,1200.0
130,Ingenio,advertising,120.0,1999.0,,Invalid lat long,Invalid lat long,0.0
131,Splunk,software,500.0,2003.0,"{'type': 'Point', 'coordinates': [-122.390945, 37.78274]}",37.78274,-122.390945,40000.0
132,expensr,web,,,"{'type': 'Point', 'coordinates': [-122.419204, 37.775196]}",37.775196,-122.419204,0.0
133,Dapper,advertising,30.0,2006.0,"{'type': 'Point', 'coordinates': [-122.3938931, 37.7766184]}",37.7766184,-122.3938931,3000.0
134,FFWD Wheels,web,,2006.0,"{'type': 'Point', 'coordinates': [-122.419204, 37.775196]}",37.775196,-122.419204,0.0
135,Masala,web,,,"{'type': 'Point', 'coordinates': [-95.712891, 37.09024]}",37.09024,-95.712891,4500.0
136,Uversity,social,30.0,2007.0,"{'type': 'Point', 'coordinates': [-122.4194155, 37.7749295]}",37.7749295,-122.4194155,10200.0
137,LiveJournal,software,25.0,1999.0,"{'type': 'Point', 'coordinates': [-122.3975878, 37.7799872]}",37.7799872,-122.3975878,0.0
138,AppJet,web,,2007.0,"{'type': 'Point', 'coordinates': [-122.419204, 37.775196]}",37.775196,-122.419204,715.0
139,Goodreads,web,70.0,2007.0,,Invalid lat long,Invalid lat long,2750.0
140,HubPages,web,21.0,2006.0,"{'type': 'Point', 'coordinates': [-122.3991505, 37.7876952]}",37.7876952,-122.3991505,8000.0
141,PlayFirst,games_video,,2004.0,"{'type': 'Point', 'coordinates': [-122.40185, 37.790346]}",37.790346,-122.40185,37700.0
142,Mobissimo,search,15.0,2003.0,"{'type': 'Point', 'coordinates': [-122.39897, 37.78624]}",37.78624,-122.39897,1000.0
143,Deem,ecommerce,400.0,2000.0,"{'type': 'Point', 'coordinates': [-122.271532, 37.559836]}",37.559836,-122.271532,467000.0
144,Causes,nonprofit,,2007.0,"{'type': 'Point', 'coordinates': [-122.272513, 37.870258]}",37.870258,-122.272513,16400.0
145,Atlassian,enterprise,,2002.0,,Invalid lat long,Invalid lat long,60000.0
146,Shozu,mobile,,2001.0,"{'type': 'Point', 'coordinates': [-122.402683, 37.771706]}",37.771706,-122.402683,36000.0
147,Truveo,web,30.0,2004.0,,Invalid lat long,Invalid lat long,0.0
148,Kenshoo,advertising,,2006.0,,Invalid lat long,Invalid lat long,12000.0
149,Scrapblog,web,,2006.0,"{'type': 'Point', 'coordinates': [-80.25468, 25.752358]}",25.752358,-80.25468,10000.0
150,Meraki,network_hosting,,2006.0,"{'type': 'Point', 'coordinates': [-122.072517, 37.392443]}",37.392443,-122.072517,80000.0
151,Mogad,network_hosting,2.0,2007.0,"{'type': 'Point', 'coordinates': [-122.421778, 37.763652]}",37.763652,-122.421778,500.0
152,Outspark,games_video,,2007.0,"{'type': 'Point', 'coordinates': [-122.419204, 37.775196]}",37.775196,-122.419204,23300.0
153,Kadoink,mobile,,,,Invalid lat long,Invalid lat long,9500.0
154,Joyent,enterprise,,2004.0,"{'type': 'Point', 'coordinates': [-122.480153, 37.856743]}",37.856743,-122.480153,112000.0
155,NuConomy,advertising,12.0,2006.0,"{'type': 'Point', 'coordinates': [-122.430411, 37.795191]}",37.795191,-122.430411,3300.0
156,DoYouBuzz,web,12.0,2007.0,,Invalid lat long,Invalid lat long,0.0
157,Widgetbox,other,30.0,2012.0,"{'type': 'Point', 'coordinates': [-122.398599, 37.798853]}",37.798853,-122.398599,14500.0
158,AF83,web,55.0,2006.0,,Invalid lat long,Invalid lat long,0.0
159,Smaato,advertising,95.0,2005.0,,Invalid lat long,Invalid lat long,18000.0
160,Credit Karma,finance,70.0,2007.0,,Invalid lat long,Invalid lat long,33000.0
161,Zynga,games_video,115.0,2007.0,"{'type': 'Point', 'coordinates': [-122.404234, 37.765158]}",37.765158,-122.404234,860000.0
162,Quantcast,advertising,0.0,2006.0,,Invalid lat long,Invalid lat long,61200.0
163,Roost,software,15.0,2007.0,"{'type': 'Point', 'coordinates': [-122.4020276, 37.7891288]}",37.7891288,-122.4020276,13500.0
164,clipsync,web,28.0,2007.0,"{'type': 'Point', 'coordinates': [-121.9317853, 37.2906027]}",37.2906027,-121.9317853,1510.0
165,Lookery,web,9.0,2007.0,"{'type': 'Point', 'coordinates': [-122.403865, 37.788266]}",37.788266,-122.403865,3150.0
166,IPRO,web,,2004.0,,Invalid lat long,Invalid lat long,0.0
167,Heroku,enterprise,80.0,2007.0,"{'type': 'Point', 'coordinates': [-122.419204, 37.775196]}",37.775196,-122.419204,13000.0
168,XLR8 Mobile,web,21.0,2006.0,"{'type': 'Point', 'coordinates': [-122.38944, 37.788827]}",37.788827,-122.38944,0.0
169,Craigslist,web,25.0,1995.0,"{'type': 'Point', 'coordinates': [-122.46649, 37.762512]}",37.762512,-122.46649,13500.0
170,Offermatica,software,,1996.0,,Invalid lat long,Invalid lat long,7000.0
171,Salesforce,enterprise,3500.0,1999.0,,Invalid lat long,Invalid lat long,99900.0
172,Sightix,web,12.0,2006.0,,Invalid lat long,Invalid lat long,0.0
173,Bia2,web,,2003.0,"{'type': 'Point', 'coordinates': [-122.4428064, 37.7466655]}",37.7466655,-122.4428064,0.0
174,Gliffy,software,14.0,2005.0,,Invalid lat long,Invalid lat long,0.0
175,Unknown Vector,web,7.0,2008.0,"{'type': 'Point', 'coordinates': [-122.404488, 37.790032]}",37.790032,-122.404488,0.0
176,MyNewPlace,web,,1999.0,,Invalid lat long,Invalid lat long,20000.0
177,Kazowie,web,6.0,2007.0,"{'type': 'Point', 'coordinates': [-122.395792, 37.776467]}",37.776467,-122.395792,0.0
178,GameDuell,games_video,200.0,2003.0,,Invalid lat long,Invalid lat long,17500.0
179,What They Like,web,10.0,2007.0,"{'type': 'Point', 'coordinates': [-122.3921102, 37.7776778]}",37.7776778,-122.3921102,990.0
180,Pyra Labs,,,1999.0,"{'type': 'Point', 'coordinates': [-122.419204, 37.775196]}",37.775196,-122.419204,0.0
181,Neotonic Software,software,,2001.0,,Invalid lat long,Invalid lat long,0.0
182,ManageMyAdvertising,web,1.0,1997.0,"{'type': 'Point', 'coordinates': [-122.398599, 37.798853]}",37.798853,-122.398599,0.0
183,Pivotal Labs,consulting,225.0,1989.0,"{'type': 'Point', 'coordinates': [-122.404403, 37.78691]}",37.78691,-122.404403,0.0
184,Iminta,web,,,"{'type': 'Point', 'coordinates': [-122.4721542, 45.6667514]}",45.6667514,-122.4721542,0.0
185,Three Rings,web,30.0,2001.0,"{'type': 'Point', 'coordinates': [-122.419204, 37.775196]}",37.775196,-122.419204,7000.0
186,PicScout,web,40.0,2002.0,,Invalid lat long,Invalid lat long,0.0
187,Fat Goose,web,2.0,2007.0,"{'type': 'Point', 'coordinates': [-122.4033943, 37.7876175]}",37.7876175,-122.4033943,0.0
188,MOG,music,60.0,2005.0,,Invalid lat long,Invalid lat long,24900.0
189,Gorilla Nation Media,web,163.0,2001.0,,Invalid lat long,Invalid lat long,0.0
190,Coverity,enterprise,300.0,2002.0,"{'type': 'Point', 'coordinates': [-122.3931128, 37.7759675]}",37.7759675,-122.3931128,22000.0
191,Chowhound,web,,,"{'type': 'Point', 'coordinates': [-122.3975827, 37.7862705]}",37.7862705,-122.3975827,0.0
192,fotopedia,news,17.0,2008.0,,Invalid lat long,Invalid lat long,12700.0
193,YouNoodle,analytics,18.0,2010.0,"{'type': 'Point', 'coordinates': [-122.395875, 37.7766587]}",37.7766587,-122.395875,0.0
194,doubleTwist,software,,2007.0,"{'type': 'Point', 'coordinates': [-122.419204, 37.775196]}",37.775196,-122.419204,7500.0
195,Hotwire,web,,2000.0,"{'type': 'Point', 'coordinates': [-122.403607, 37.795236]}",37.795236,-122.403607,0.0
196,Pentaho,analytics,150.0,2004.0,,Invalid lat long,Invalid lat long,72000.0
197,StubHub,ecommerce,1250.0,2000.0,"{'type': 'Point', 'coordinates': [-122.3951844, 37.7892685]}",37.7892685,-122.3951844,0.0
198,Ad Infuse,advertising,,2005.0,"{'type': 'Point', 'coordinates': [-122.404571, 37.793375]}",37.793375,-122.404571,17600.0
199,SendMe,mobile,,2006.0,"{'type': 'Point', 'coordinates': [-122.39783, 37.787126]}",37.787126,-122.39783,34500.0
200,Tiny Pictures,mobile,18.0,2005.0,"{'type': 'Point', 'coordinates': [-122.406912, 37.781002]}",37.781002,-122.406912,11200.0
201,Flurry,advertising,150.0,2005.0,"{'type': 'Point', 'coordinates': [-122.394067, 37.783046]}",37.783046,-122.394067,63300.0
202,Reble,software,,,"{'type': 'Point', 'coordinates': [-122.419204, 37.775196]}",37.775196,-122.419204,0.0
203,Skobee,web,,,,Invalid lat long,Invalid lat long,0.0
204,The Industry Standard,web,4.0,2006.0,"{'type': 'Point', 'coordinates': [-122.393323, 37.783151]}",37.783151,-122.393323,0.0
205,Evri,news,35.0,2007.0,,Invalid lat long,Invalid lat long,11800.0
206,Y Combinator,finance,5.0,2005.0,,Invalid lat long,Invalid lat long,10300.0
207,Surf Canyon,search,4.0,2006.0,"{'type': 'Point', 'coordinates': [-122.266978, 37.80294]}",37.80294,-122.266978,750.0
208,Fifteen Reasons,web,6.0,2006.0,"{'type': 'Point', 'coordinates': [-87.646307, 41.948365]}",41.948365,-87.646307,0.0
209,Bleacher Report,sports,22.0,2007.0,"{'type': 'Point', 'coordinates': [-122.395792, 37.776467]}",37.776467,-122.395792,40500.0
210,Particle,web,12.0,2008.0,,Invalid lat long,Invalid lat long,900.0
211,Heavy Electrons,web,,2008.0,"{'type': 'Point', 'coordinates': [-122.4025016, 37.7809512]}",37.7809512,-122.4025016,0.0
212,Vector Capital,,,1997.0,"{'type': 'Point', 'coordinates': [-122.402667, 37.793473]}",37.793473,-122.402667,0.0
213,Internet Archive,education,,1996.0,,Invalid lat long,Invalid lat long,0.0
214,AtomicOnline,web,110.0,2004.0,,Invalid lat long,Invalid lat long,0.0
215,Sportgenic,advertising,15.0,2005.0,"{'type': 'Point', 'coordinates': [-122.40094, 37.790485]}",37.790485,-122.40094,11500.0
216,Fanpop,web,4.0,2006.0,"{'type': 'Point', 'coordinates': [-122.439512, 37.758229]}",37.758229,-122.439512,0.0
217,99designs,design,100.0,2008.0,"{'type': 'Point', 'coordinates': [-122.4005983, 37.7955307]}",37.7955307,-122.4005983,35000.0
218,LiveRail,advertising,110.0,2008.0,"{'type': 'Point', 'coordinates': [-122.397759, 37.787183]}",37.787183,-122.397759,12000.0
219,Minor Studios,software,,,"{'type': 'Point', 'coordinates': [-122.395184, 37.789268]}",37.789268,-122.395184,0.0
220,OpenDNS,security,200.0,2005.0,"{'type': 'Point', 'coordinates': [-122.395184, 37.789268]}",37.789268,-122.395184,16300.0
221,GoodBarry,enterprise,,2004.0,"{'type': 'Point', 'coordinates': [-122.410943, 37.787683]}",37.787683,-122.410943,0.0
222,Lindotiger,advertising,20.0,2007.0,"{'type': 'Point', 'coordinates': [-121.28, 38.7072]}",38.7072,-121.28,0.0
223,Skimlinks,advertising,40.0,2006.0,,Invalid lat long,Invalid lat long,7020.0
224,Astoria Software,software,,1996.0,"{'type': 'Point', 'coordinates': [-122.40264, 37.798684]}",37.798684,-122.40264,0.0
225,Clickpass,web,90.0,2007.0,"{'type': 'Point', 'coordinates': [-122.419204, 37.775196]}",37.775196,-122.419204,20.0
226,SearchMe,search,52.0,2005.0,"{'type': 'Point', 'coordinates': [-122.402667, 37.793473]}",37.793473,-122.402667,43600.0
227,Posit Science,biotech,,2002.0,,Invalid lat long,Invalid lat long,11800.0
228,Discovery Engine,search,10.0,2007.0,"{'type': 'Point', 'coordinates': [-122.402609, 37.800356]}",37.800356,-122.402609,0.0
229,Cognitive Labs,web,,2004.0,"{'type': 'Point', 'coordinates': [-122.084171, 37.386665]}",37.386665,-122.084171,0.0
230,Acendi Interactive,security,,,,Invalid lat long,Invalid lat long,2090.0
231,PopularMedia,advertising,,2003.0,"{'type': 'Point', 'coordinates': [-122.411157, 37.767575]}",37.767575,-122.411157,12300.0
232,Sprout,advertising,18.0,2008.0,"{'type': 'Point', 'coordinates': [-122.418137, 37.755012]}",37.755012,-122.418137,8300.0
233,Snaptalent,web,,2007.0,"{'type': 'Point', 'coordinates': [-122.397672, 37.786906]}",37.786906,-122.397672,0.0
234,TeamWork Live,enterprise,,2004.0,"{'type': 'Point', 'coordinates': [-122.46487, 37.762583]}",37.762583,-122.46487,0.0
235,Daikana,network_hosting,1.0,2007.0,"{'type': 'Point', 'coordinates': [-122.420903, 37.796164]}",37.796164,-122.420903,0.0
236,Rackspace,software,,1998.0,,Invalid lat long,Invalid lat long,0.0
237,Success Metrics,software,,,,Invalid lat long,Invalid lat long,0.0
238,Starmine,other,,1998.0,,Invalid lat long,Invalid lat long,0.0
239,Elastra,software,,2007.0,"{'type': 'Point', 'coordinates': [-122.391843, 37.791137]}",37.791137,-122.391843,14600.0
240,kwiry,mobile,3.0,2006.0,"{'type': 'Point', 'coordinates': [-122.4035985, 37.7885714]}",37.7885714,-122.4035985,1000.0
241,CITTIO,software,,,"{'type': 'Point', 'coordinates': [-122.4014585, 37.7867612]}",37.7867612,-122.4014585,11500.0
242,SignalDemand,software,,2004.0,,Invalid lat long,Invalid lat long,30000.0
243,Aria Systems,enterprise,,2003.0,,Invalid lat long,Invalid lat long,81200.0
244,Webpass,web,,2003.0,"{'type': 'Point', 'coordinates': [-122.4209958, 37.7834147]}",37.7834147,-122.4209958,0.0
245,MyBlogLog,web,,2005.0,"{'type': 'Point', 'coordinates': [-122.419204, 37.775196]}",37.775196,-122.419204,0.0
246,Rapt,software,,,"{'type': 'Point', 'coordinates': [-122.391061, 37.781689]}",37.781689,-122.391061,11200.0
247,Ninite,enterprise,2.0,2009.0,"{'type': 'Point', 'coordinates': [-122.412893, 37.789349]}",37.789349,-122.412893,0.0
248,Wundrbar,search,2.0,2008.0,,Invalid lat long,Invalid lat long,0.0
249,Coordinatr,software,2.0,2007.0,"{'type': 'Point', 'coordinates': [-122.427021, 37.804477]}",37.804477,-122.427021,0.0
250,Whitenoise Networks,web,,,"{'type': 'Point', 'coordinates': [-122.469343, 37.764188]}",37.764188,-122.469343,0.0
251,Socialmoth,web,,2004.0,"{'type': 'Point', 'coordinates': [-122.450011, 37.766]}",37.766,-122.450011,0.0
252,ReadBurner,web,4.0,2008.0,"{'type': 'Point', 'coordinates': [-122.4042586, 37.80391]}",37.80391,-122.4042586,0.0
253,liveBooks,public_relations,53.0,2005.0,,Invalid lat long,Invalid lat long,5000.0
254,Viddyou,games_video,5.0,2007.0,"{'type': 'Point', 'coordinates': [-122.419204, 37.775196]}",37.775196,-122.419204,0.0
255,PopJax,web,,,"{'type': 'Point', 'coordinates': [-122.403755, 37.796216]}",37.796216,-122.403755,4700.0
256,Liftopia,ecommerce,35.0,2005.0,"{'type': 'Point', 'coordinates': [-122.420903, 37.796164]}",37.796164,-122.420903,7300.0
257,LookSmart,advertising,,1998.0,"{'type': 'Point', 'coordinates': [-122.391061, 37.781689]}",37.781689,-122.391061,0.0
258,iCrossing,public_relations,550.0,1998.0,,Invalid lat long,Invalid lat long,62000.0
259,Netbooks,web,,2006.0,"{'type': 'Point', 'coordinates': [-122.40195, 37.79471]}",37.79471,-122.40195,16400.0
260,SlideShare,web,10.0,,"{'type': 'Point', 'coordinates': [-122.400934, 37.776878]}",37.776878,-122.400934,3000.0
261,Constant Contact,messaging,,1998.0,,Invalid lat long,Invalid lat long,3660.0
262,Constant Contact,messaging,,1998.0,,Invalid lat long,Invalid lat long,3660.0
263,Wikimedia Foundation,nonprofit,143.0,2003.0,"{'type': 'Point', 'coordinates': [-122.392839, 37.76785]}",37.76785,-122.392839,74000.0
264,vFlyer,public_relations,,2005.0,"{'type': 'Point', 'coordinates': [-122.398634, 37.790947]}",37.790947,-122.398634,0.0
265,The Echo Nest,music,65.0,2005.0,,Invalid lat long,Invalid lat long,25600.0
266,Allopass,web,150.0,1991.0,"{'type': 'Point', 'coordinates': [-122.4325682, 37.7561438]}",37.7561438,-122.4325682,0.0
267,Woopra,software,12.0,2008.0,"{'type': 'Point', 'coordinates': [-100.076888, 31.169036]}",31.169036,-100.076888,0.0
268,stickychicken,games_video,2.0,2008.0,"{'type': 'Point', 'coordinates': [-122.419204, 37.775196]}",37.775196,-122.419204,0.0
269,Plumtree Software,software,,1996.0,,Invalid lat long,Invalid lat long,0.0
270,ZEDO,advertising,250.0,1999.0,"{'type': 'Point', 'coordinates': [-122.397819, 37.786464]}",37.786464,-122.397819,0.0
271,Xoopit,web,,2004.0,"{'type': 'Point', 'coordinates': [-122.4092704, 37.7617955]}",37.7617955,-122.4092704,6500.0
272,Placecast,mobile,,2005.0,"{'type': 'Point', 'coordinates': [-122.423468, 37.773688]}",37.773688,-122.423468,8000.0
273,Stylehive,ecommerce,,,"{'type': 'Point', 'coordinates': [-122.402759, 37.787646]}",37.787646,-122.402759,2620.0
274,Macromedia,software,,1992.0,,Invalid lat long,Invalid lat long,0.0
275,Undertone,advertising,,2002.0,"{'type': 'Point', 'coordinates': [-122.398099, 37.792949]}",37.792949,-122.398099,40000.0
276,Obvious,web,,2006.0,,Invalid lat long,Invalid lat long,2000.0
277,Pure Digital Technologies,hardware,95.0,2001.0,,Invalid lat long,Invalid lat long,68200.0
278,Marin Software,advertising,,2006.0,"{'type': 'Point', 'coordinates': [-122.3946404, 37.792083]}",37.792083,-122.3946404,100000.0
279,Huddle,enterprise,200.0,2006.0,"{'type': 'Point', 'coordinates': [-122.403256, 37.78236]}",37.78236,-122.403256,38200.0
280,Support Intelligence,network_hosting,10.0,2005.0,"{'type': 'Point', 'coordinates': [-122.42215, 37.767569]}",37.767569,-122.42215,0.0
281,Boxbe,web,3.0,2005.0,"{'type': 'Point', 'coordinates': [-122.442592, 37.800209]}",37.800209,-122.442592,1500.0
282,Advent Software,software,,1983.0,"{'type': 'Point', 'coordinates': [-122.402683, 37.771706]}",37.771706,-122.402683,0.0
283,RichRelevance,ecommerce,250.0,2006.0,"{'type': 'Point', 'coordinates': [-122.4000965, 37.7938969]}",37.7938969,-122.4000965,57800.0
284,Spleak,network_hosting,,2005.0,"{'type': 'Point', 'coordinates': [-122.400932, 37.787423]}",37.787423,-122.400932,0.0
285,Foxmarks,web,,2006.0,"{'type': 'Point', 'coordinates': [-122.419204, 37.775196]}",37.775196,-122.419204,0.0
286,Palamida,security,37.0,2004.0,,Invalid lat long,Invalid lat long,18500.0
287,Creative Commons,web,,2001.0,"{'type': 'Point', 'coordinates': [-122.399884, 37.788457]}",37.788457,-122.399884,0.0
288,SquareTrade,hardware,190.0,1999.0,"{'type': 'Point', 'coordinates': [-122.40036, 37.789551]}",37.789551,-122.40036,248000.0
289,UnitedLayer,network_hosting,30.0,2001.0,"{'type': 'Point', 'coordinates': [-122.397254, 37.724999]}",37.724999,-122.397254,0.0
290,Mojiva,mobile,105.0,2008.0,,Invalid lat long,Invalid lat long,45800.0
291,ServePath,hardware,100.0,2001.0,"{'type': 'Point', 'coordinates': [-122.389757, 37.789803]}",37.789803,-122.389757,0.0
292,Pipl,search,0.0,2005.0,"{'type': 'Point', 'coordinates': [-74.212014, 40.081697]}",40.081697,-74.212014,0.0
293,Cutcaster,web,8.0,2008.0,"{'type': 'Point', 'coordinates': [-122.457454, 37.79851]}",37.79851,-122.457454,0.0
294,Heysan,mobile,8.0,2007.0,"{'type': 'Point', 'coordinates': [-122.410076, 37.774997]}",37.774997,-122.410076,875.0
295,GitHub,software,106.0,2008.0,"{'type': 'Point', 'coordinates': [-122.419204, 37.775196]}",37.775196,-122.419204,100000.0
296,Geeknet,advertising,127.0,1993.0,,Invalid lat long,Invalid lat long,0.0
297,Compfight,web,5.0,2007.0,"{'type': 'Point', 'coordinates': [-122.419204, 37.775196]}",37.775196,-122.419204,0.0
298,slinkset,web,,,"{'type': 'Point', 'coordinates': [-122.419204, 37.775196]}",37.775196,-122.419204,15.0
299,Globant,software,2800.0,2003.0,"{'type': 'Point', 'coordinates': [-122.4041764, 37.7819286]}",37.7819286,-122.4041764,28000.0
300,Red Oxygen,mobile,18.0,2001.0,,Invalid lat long,Invalid lat long,0.0
301,Sutros,games_video,3.0,2008.0,"{'type': 'Point', 'coordinates': [-122.42087, 37.756922]}",37.756922,-122.42087,0.0
302,Crazymenu,web,,2005.0,,Invalid lat long,Invalid lat long,0.0
303,Apture,web,,2007.0,"{'type': 'Point', 'coordinates': [-122.322954, 37.566042]}",37.566042,-122.322954,4600.0
304,Macroaxis,software,8.0,2009.0,"{'type': 'Point', 'coordinates': [-122.3998782, 37.7896292]}",37.7896292,-122.3998782,0.0
305,filobite,network_hosting,,2007.0,"{'type': 'Point', 'coordinates': [-122.419204, 37.775196]}",37.775196,-122.419204,0.0
306,InMobi,mobile,900.0,2007.0,"{'type': 'Point', 'coordinates': [-122.1709208, 37.4465496]}",37.4465496,-122.1709208,216000.0
307,UserVoice,software,22.0,2008.0,"{'type': 'Point', 'coordinates': [-122.0253784, 36.9751032]}",36.9751032,-122.0253784,1800.0
308,Aardvark,web,30.0,2007.0,"{'type': 'Point', 'coordinates': [-122.415813, 37.748676]}",37.748676,-122.415813,6000.0
309,GIS Planning,ecommerce,16.0,2007.0,"{'type': 'Point', 'coordinates': [-122.408646, 37.784137]}",37.784137,-122.408646,0.0
310,Gracenote,games_video,,1998.0,,Invalid lat long,Invalid lat long,33400.0
311,SQLstream,analytics,,2002.0,"{'type': 'Point', 'coordinates': [-122.419966, 37.775058]}",37.775058,-122.419966,6270.0
312,JobScore,software,7.0,2004.0,"{'type': 'Point', 'coordinates': [-122.3943387, 37.7881481]}",37.7881481,-122.3943387,0.0
313,Triggit,advertising,43.0,2006.0,"{'type': 'Point', 'coordinates': [-122.418129, 37.771208]}",37.771208,-122.418129,18500.0
314,Serious Business,games_video,22.0,2008.0,"{'type': 'Point', 'coordinates': [-122.4013624, 37.7893215]}",37.7893215,-122.4013624,4000.0
315,RateItAll,web,6.0,1999.0,"{'type': 'Point', 'coordinates': [-122.418137, 37.755012]}",37.755012,-122.418137,1400.0
316,Tealeaf,advertising,100.0,1997.0,"{'type': 'Point', 'coordinates': [-122.397133, 37.791242]}",37.791242,-122.397133,12000.0
317,Profy,web,,2006.0,"{'type': 'Point', 'coordinates': [-122.419204, 37.775196]}",37.775196,-122.419204,0.0
318,Kabam,games_video,650.0,2006.0,"{'type': 'Point', 'coordinates': [-122.0785314, 37.3944561]}",37.3944561,-122.0785314,125000.0
319,mappery,web,,2007.0,"{'type': 'Point', 'coordinates': [-122.4438929, 37.7717185]}",37.7717185,-122.4438929,0.0
320,KnowledgeBid,network_hosting,,2007.0,"{'type': 'Point', 'coordinates': [-122.395708, 37.783383]}",37.783383,-122.395708,0.0
321,AllMyData,,,2004.0,"{'type': 'Point', 'coordinates': [-122.400909, 37.762681]}",37.762681,-122.400909,0.0
322,New Relic,software,63.0,2008.0,"{'type': 'Point', 'coordinates': [-119.306607, 37.269175]}",37.269175,-119.306607,175000.0
323,Zinch,web,80.0,2007.0,"{'type': 'Point', 'coordinates': [-111.658656, 40.234451]}",40.234451,-111.658656,5000.0
324,MedHelp,web,30.0,1994.0,"{'type': 'Point', 'coordinates': [-122.415199, 37.7746693]}",37.7746693,-122.415199,0.0
325,Yoono,web,10.0,2006.0,"{'type': 'Point', 'coordinates': [-122.397884, 37.787204]}",37.787204,-122.397884,5450.0
326,Citizen Sports,games_video,27.0,,"{'type': 'Point', 'coordinates': [-122.397044, 37.777513]}",37.777513,-122.397044,10000.0
327,VentureLoop,web,,2006.0,"{'type': 'Point', 'coordinates': [-122.419204, 37.775196]}",37.775196,-122.419204,0.0
328,Snapbomb Blog Marketing,advertising,,2008.0,"{'type': 'Point', 'coordinates': [-122.411498, 37.803509]}",37.803509,-122.411498,0.0
329,RemindBlast,web,5.0,2008.0,"{'type': 'Point', 'coordinates': [-122.401537, 37.773727]}",37.773727,-122.401537,0.0
330,Oomble,mobile,,,"{'type': 'Point', 'coordinates': [-122.419204, 37.775196]}",37.775196,-122.419204,0.0
331,Caachi,web,,,"{'type': 'Point', 'coordinates': [-122.4186, 37.7753]}",37.7753,-122.4186,0.0
332,Supercool School,web,3.0,2009.0,"{'type': 'Point', 'coordinates': [-122.416804, 37.754332]}",37.754332,-122.416804,100.0
333,EatLime,photo_video,,2007.0,"{'type': 'Point', 'coordinates': [-122.4194155, 37.7749295]}",37.7749295,-122.4194155,3380.0
334,Catzilla,advertising,2.0,2003.0,"{'type': 'Point', 'coordinates': [-122.43305, 37.798069]}",37.798069,-122.43305,0.0
335,TuneUp,music,,2007.0,"{'type': 'Point', 'coordinates': [-122.4119381, 37.7654195]}",37.7654195,-122.4119381,15600.0
336,Wavemaker Software,software,,,"{'type': 'Point', 'coordinates': [-122.394265, 37.789518]}",37.789518,-122.394265,14700.0
337,Fonemesh,mobile,7.0,2008.0,"{'type': 'Point', 'coordinates': [-122.398126, 37.791128]}",37.791128,-122.398126,250.0
338,Stitcher,mobile,17.0,2008.0,"{'type': 'Point', 'coordinates': [-122.419204, 37.775196]}",37.775196,-122.419204,18700.0
339,TerraPass,web,7.0,2004.0,"{'type': 'Point', 'coordinates': [-122.397847, 37.787445]}",37.787445,-122.397847,5800.0
340,Venture Hacks,other,3.0,2007.0,"{'type': 'Point', 'coordinates': [-122.419204, 37.775196]}",37.775196,-122.419204,0.0
341,Zoosk,social,,2007.0,"{'type': 'Point', 'coordinates': [-122.4099154, 37.7726402]}",37.7726402,-122.4099154,61600.0
342,Geary Interactive,advertising,240.0,2000.0,"{'type': 'Point', 'coordinates': [-122.4039768, 37.7872512]}",37.7872512,-122.4039768,0.0
343,Transpera,mobile,20.0,2007.0,"{'type': 'Point', 'coordinates': [-122.405081, 37.785792]}",37.785792,-122.405081,19500.0
344,Flixya,web,4.0,2006.0,"{'type': 'Point', 'coordinates': [-122.3957917, 37.7764671]}",37.7764671,-122.3957917,0.0
345,Bizo,advertising,66.0,2008.0,"{'type': 'Point', 'coordinates': [-122.4011706, 37.7911186]}",37.7911186,-122.4011706,28500.0
346,Loyalty Matrix,advertising,,2001.0,,Invalid lat long,Invalid lat long,0.0
347,Developer Analytics,web,,,"{'type': 'Point', 'coordinates': [-102.788565, 38.764206]}",38.764206,-102.788565,0.0
348,JamBase,web,16.0,1998.0,"{'type': 'Point', 'coordinates': [-122.396818, 37.78054]}",37.78054,-122.396818,0.0
349,Adscape,web,,,"{'type': 'Point', 'coordinates': [-122.419204, 37.775196]}",37.775196,-122.419204,0.0
350,RabbleDabble,other,29.0,2007.0,"{'type': 'Point', 'coordinates': [-122.398599, 37.798853]}",37.798853,-122.398599,0.0
351,Infectious,web,4.0,2007.0,"{'type': 'Point', 'coordinates': [-122.410217, 37.771927]}",37.771927,-122.410217,750.0
352,Dolby,hardware,,1965.0,,Invalid lat long,Invalid lat long,0.0
353,Etchstar,hardware,7.0,2008.0,"{'type': 'Point', 'coordinates': [-118.367701, 34.091073]}",34.091073,-118.367701,0.0
354,AddictingGames,web,,,"{'type': 'Point', 'coordinates': [-122.40116, 37.790838]}",37.790838,-122.40116,0.0
355,iWin,games_video,103.0,2001.0,"{'type': 'Point', 'coordinates': [-122.391061, 37.781689]}",37.781689,-122.391061,0.0
356,Zinio,news,,,"{'type': 'Point', 'coordinates': [-122.40045, 37.7915]}",37.7915,-122.40045,27000.0
357,FeedText,mobile,,,"{'type': 'Point', 'coordinates': [-122.401942, 37.791068]}",37.791068,-122.401942,0.0
358,Aruspex,software,26.0,2003.0,"{'type': 'Point', 'coordinates': [-122.40185, 37.790346]}",37.790346,-122.40185,3770.0
359,PurePlay,games_video,,2004.0,"{'type': 'Point', 'coordinates': [-122.419204, 37.775196]}",37.775196,-122.419204,15000.0
360,Sputnik,mobile,,2001.0,,Invalid lat long,Invalid lat long,0.0
361,SFentrepreneur,web,2.0,2008.0,"{'type': 'Point', 'coordinates': [-122.437262, 37.78597]}",37.78597,-122.437262,0.0
362,Mekanism,advertising,35.0,,"{'type': 'Point', 'coordinates': [-122.391515, 37.781264]}",37.781264,-122.391515,0.0
363,Soundflavor,games_video,17.0,2003.0,,Invalid lat long,Invalid lat long,5800.0
364,Cloudmark,security,100.0,2001.0,"{'type': 'Point', 'coordinates': [-122.39071, 37.779507]}",37.779507,-122.39071,38500.0
365,Rabio,advertising,,,"{'type': 'Point', 'coordinates': [-122.402968, 37.797126]}",37.797126,-122.402968,0.0
366,TRUSTe,enterprise,130.0,1997.0,"{'type': 'Point', 'coordinates': [-122.4005576, 37.7886685]}",37.7886685,-122.4005576,37000.0
367,Jambool,finance,25.0,2006.0,"{'type': 'Point', 'coordinates': [-122.389519, 37.782101]}",37.782101,-122.389519,6000.0
368,Sonique,software,12.0,1997.0,,Invalid lat long,Invalid lat long,0.0
369,Offbeat Guides,web,,2007.0,"{'type': 'Point', 'coordinates': [-122.405412, 37.788408]}",37.788408,-122.405412,0.0
370,DriverSide,automotive,,2007.0,,Invalid lat long,Invalid lat long,10600.0
371,appssavvy,advertising,20.0,2008.0,,Invalid lat long,Invalid lat long,10200.0
372,iProspect,software,,1996.0,"{'type': 'Point', 'coordinates': [-122.4041764, 37.7819286]}",37.7819286,-122.4041764,0.0
373,StartForce,web,21.0,2006.0,"{'type': 'Point', 'coordinates': [-122.420903, 37.796164]}",37.796164,-122.420903,6000.0
374,Birthday Alarm,web,,2001.0,"{'type': 'Point', 'coordinates': [-122.392063, 37.783834]}",37.783834,-122.392063,0.0
375,MetaCritic,games_video,,1999.0,,Invalid lat long,Invalid lat long,0.0
376,Lingro,web,,2005.0,"{'type': 'Point', 'coordinates': [-122.419204, 37.775196]}",37.775196,-122.419204,0.0
377,Practice Fusion,health,280.0,2005.0,"{'type': 'Point', 'coordinates': [-122.392725, 37.7886717]}",37.7886717,-122.392725,155000.0
378,Grid Net,software,,2006.0,"{'type': 'Point', 'coordinates': [-122.393229, 37.781265]}",37.781265,-122.393229,0.0
379,Socialcast,enterprise,,2005.0,"{'type': 'Point', 'coordinates': [-122.3932389, 37.7819267]}",37.7819267,-122.3932389,9400.0
380,GayCities,web,,,"{'type': 'Point', 'coordinates': [-122.435242, 37.759591]}",37.759591,-122.435242,0.0
381,Bizroof,enterprise,8.0,2008.0,"{'type': 'Point', 'coordinates': [-122.418829, 37.781249]}",37.781249,-122.418829,0.0
382,iPling,mobile,7.0,2007.0,"{'type': 'Point', 'coordinates': [-122.402859, 37.791391]}",37.791391,-122.402859,700.0
383,Ideal Bite,web,,,"{'type': 'Point', 'coordinates': [-122.393229, 37.781265]}",37.781265,-122.393229,0.0
384,Acteva,web,,1998.0,"{'type': 'Point', 'coordinates': [-122.398995, 37.792636]}",37.792636,-122.398995,0.0
385,NeighborCity,web,15.0,2007.0,"{'type': 'Point', 'coordinates': [-122.412214, 37.775392]}",37.775392,-122.412214,0.0
386,TechInsights,advertising,,,,Invalid lat long,Invalid lat long,0.0
387,Razz,software,,2002.0,"{'type': 'Point', 'coordinates': [-122.406676, 37.766909]}",37.766909,-122.406676,10000.0
388,InsideView,enterprise,150.0,2005.0,"{'type': 'Point', 'coordinates': [-122.402021, 37.764169]}",37.764169,-122.402021,56500.0
389,NewsOrViews,web,,2007.0,"{'type': 'Point', 'coordinates': [-122.396744, 37.780134]}",37.780134,-122.396744,0.0
390,Clickability,enterprise,,1999.0,"{'type': 'Point', 'coordinates': [-122.399929, 37.7932747]}",37.7932747,-122.399929,11500.0
391,WideOrbit,advertising,350.0,1999.0,"{'type': 'Point', 'coordinates': [-122.3885899, 37.7895289]}",37.7895289,-122.3885899,34500.0
392,Razoo,web,30.0,2006.0,"{'type': 'Point', 'coordinates': [-77.044256, 38.901544]}",38.901544,-77.044256,0.0
393,Remember The Milk,web,,2004.0,,Invalid lat long,Invalid lat long,0.0
394,Keibi Technologies,software,30.0,2006.0,"{'type': 'Point', 'coordinates': [-122.402759, 37.787646]}",37.787646,-122.402759,5000.0
395,BayPoint Benefits,consulting,,2006.0,"{'type': 'Point', 'coordinates': [-122.477294, 37.835198]}",37.835198,-122.477294,0.0
396,AdParlor,advertising,300.0,2008.0,"{'type': 'Point', 'coordinates': [-122.401406, 37.78866]}",37.78866,-122.401406,0.0
397,Farallon Geographics,consulting,11.0,1997.0,"{'type': 'Point', 'coordinates': [-122.4001578, 37.7878037]}",37.7878037,-122.4001578,0.0
398,NextAdvisor,other,10.0,2006.0,"{'type': 'Point', 'coordinates': [-122.4728, 37.789335]}",37.789335,-122.4728,0.0
399,Overstream,games_video,3.0,2006.0,"{'type': 'Point', 'coordinates': [-122.402859, 37.791391]}",37.791391,-122.402859,0.0
400,eBaum's World,games_video,,1998.0,"{'type': 'Point', 'coordinates': [-122.3987745, 37.786393]}",37.786393,-122.3987745,0.0
401,PodOmatic,web,4.0,2005.0,"{'type': 'Point', 'coordinates': [-122.396506, 37.776271]}",37.776271,-122.396506,0.0
402,Applied Operations,consulting,4.0,2006.0,"{'type': 'Point', 'coordinates': [-122.4186, 37.7753]}",37.7753,-122.4186,0.0
403,mental images,software,,,"{'type': 'Point', 'coordinates': [-122.399646, 37.794649]}",37.794649,-122.399646,0.0
404,Alcance Media Group,advertising,12.0,2007.0,"{'type': 'Point', 'coordinates': [-122.401942, 37.791068]}",37.791068,-122.401942,0.0
405,Organic,,,1993.0,,Invalid lat long,Invalid lat long,0.0
406,ShopStyle,ecommerce,,2006.0,,Invalid lat long,Invalid lat long,0.0
407,Simply Continuous,other,15.0,2006.0,"{'type': 'Point', 'coordinates': [-122.399412, 37.787076]}",37.787076,-122.399412,0.0
408,CleanLoop,cleantech,,2008.0,"{'type': 'Point', 'coordinates': [-122.419204, 37.775196]}",37.775196,-122.419204,0.0
409,Posterous,web,9.0,2008.0,"{'type': 'Point', 'coordinates': [-122.419204, 37.775196]}",37.775196,-122.419204,10100.0
410,Mediastay,games_video,,2000.0,,Invalid lat long,Invalid lat long,21500.0
411,Rhapsody,music,150.0,2001.0,,Invalid lat long,Invalid lat long,0.0
412,twitterfeed,web,,2006.0,,Invalid lat long,Invalid lat long,0.0
413,Open Places,web,3.0,2008.0,"{'type': 'Point', 'coordinates': [-122.398379, 37.758352]}",37.758352,-122.398379,1100.0
414,Genbook,web,12.0,2007.0,"{'type': 'Point', 'coordinates': [-122.4007791, 37.789902]}",37.789902,-122.4007791,2200.0
415,VenJuvo,web,,2004.0,"{'type': 'Point', 'coordinates': [-122.403545, 37.796657]}",37.796657,-122.403545,0.0
416,Flowgram,web,,2007.0,"{'type': 'Point', 'coordinates': [-122.4025976, 37.7710177]}",37.7710177,-122.4025976,1300.0
417,GoGrid,network_hosting,102.0,2001.0,"{'type': 'Point', 'coordinates': [-122.3886569, 37.7895248]}",37.7895248,-122.3886569,0.0
418,GoGrid,network_hosting,102.0,2001.0,"{'type': 'Point', 'coordinates': [-122.390058, 37.78932]}",37.78932,-122.390058,0.0
419,Achievers,software,150.0,1995.0,"{'type': 'Point', 'coordinates': [-79.425455, 43.637296]}",43.637296,-79.425455,50100.0
420,Stage Two Consulting,consulting,8.0,2006.0,,Invalid lat long,Invalid lat long,0.0
421,Premier Staffing,consulting,32.0,1998.0,"{'type': 'Point', 'coordinates': [-122.402524, 37.78976]}",37.78976,-122.402524,0.0
422,branchnext,hardware,6.0,2007.0,"{'type': 'Point', 'coordinates': [-122.402021, 37.764169]}",37.764169,-122.402021,0.0
423,Ammunition Group,public_relations,,1980.0,,Invalid lat long,Invalid lat long,0.0
424,IDEO,consulting,500.0,1978.0,,Invalid lat long,Invalid lat long,0.0
425,WatchMouse,enterprise,10.0,2002.0,,Invalid lat long,Invalid lat long,0.0
426,Medialets,advertising,60.0,2008.0,"{'type': 'Point', 'coordinates': [-122.419204, 37.775196]}",37.775196,-122.419204,28400.0
427,Discovery Mining,web,,2002.0,"{'type': 'Point', 'coordinates': [-122.4587055, 37.7982385]}",37.7982385,-122.4587055,0.0
428,SourceSouth,public_relations,10.0,2007.0,"{'type': 'Point', 'coordinates': [-122.427476, 37.75788]}",37.75788,-122.427476,0.0
429,Involver,software,,2007.0,"{'type': 'Point', 'coordinates': [-122.401333, 37.788653]}",37.788653,-122.401333,11300.0
430,ON24,web,,1998.0,"{'type': 'Point', 'coordinates': [-122.4004738, 37.7850326]}",37.7850326,-122.4004738,8000.0
431,Amazee,public_relations,7.0,2007.0,,Invalid lat long,Invalid lat long,0.0
432,EcoFlip,web,5.0,2008.0,"{'type': 'Point', 'coordinates': [-122.420903, 37.796164]}",37.796164,-122.420903,0.0
433,Scavenja,games_video,8.0,2008.0,"{'type': 'Point', 'coordinates': [-122.396744, 37.780134]}",37.780134,-122.396744,0.0
434,Streetline,hardware,,2005.0,"{'type': 'Point', 'coordinates': [-122.409747, 37.782085]}",37.782085,-122.409747,40000.0
435,Zendesk,software,400.0,2007.0,"{'type': 'Point', 'coordinates': [12.568116, 55.676294]}",55.676294,12.568116,85500.0
436,Triage Consulting Group,biotech,,1994.0,,Invalid lat long,Invalid lat long,0.0
437,ByteShield,software,,2004.0,"{'type': 'Point', 'coordinates': [-122.447292, 37.800948]}",37.800948,-122.447292,0.0
438,Third Age,health,,1996.0,,Invalid lat long,Invalid lat long,1000.0
439,InfoWorld Media Group,consulting,,1979.0,,Invalid lat long,Invalid lat long,0.0
440,trueAnthem,advertising,10.0,2008.0,"{'type': 'Point', 'coordinates': [-122.4099154, 37.8059887]}",37.8059887,-122.4099154,7480.0
441,Lexy,games_video,,2006.0,"{'type': 'Point', 'coordinates': [-122.397672, 37.786906]}",37.786906,-122.397672,1710.0
442,Hands-On Mobile,mobile,,2001.0,"{'type': 'Point', 'coordinates': [-122.419204, 37.775196]}",37.775196,-122.419204,30000.0
443,Carbonetworks,cleantech,39.0,2005.0,"{'type': 'Point', 'coordinates': [-122.404448, 37.805289]}",37.805289,-122.404448,5000.0
444,Minted,ecommerce,115.0,2007.0,"{'type': 'Point', 'coordinates': [-122.403175, 37.797435]}",37.797435,-122.403175,52700.0
445,Appirio,enterprise,500.0,2006.0,"{'type': 'Point', 'coordinates': [-122.2997532, 37.5552776]}",37.5552776,-122.2997532,80700.0
446,Advisor,enterprise,28.0,2011.0,"{'type': 'Point', 'coordinates': [-122.4177157, 37.7763989]}",37.7763989,-122.4177157,0.0
447,Kontagent,analytics,80.0,2007.0,"{'type': 'Point', 'coordinates': [-122.4020593, 37.7797255]}",37.7797255,-122.4020593,17500.0
448,Academic Earth,education,,2008.0,,Invalid lat long,Invalid lat long,0.0
449,Rofo,search,10.0,2008.0,"{'type': 'Point', 'coordinates': [-122.391061, 37.781689]}",37.781689,-122.391061,0.0
450,McKesson,biotech,,1833.0,,Invalid lat long,Invalid lat long,0.0
451,Allvoices,news,10.0,2008.0,"{'type': 'Point', 'coordinates': [-122.401942, 37.791068]}",37.791068,-122.401942,3313.6
452,Huddler,web,52.0,2007.0,"{'type': 'Point', 'coordinates': [-122.4013624, 37.7893215]}",37.7893215,-122.4013624,22800.0
453,Prezi,software,110.0,2009.0,,Invalid lat long,Invalid lat long,14300.0
454,Cucku,enterprise,,2007.0,"{'type': 'Point', 'coordinates': [-122.41748, 37.743454]}",37.743454,-122.41748,0.0
455,Broong,network_hosting,,,,Invalid lat long,Invalid lat long,0.0
456,LeadGenesys,enterprise,23.0,2002.0,"{'type': 'Point', 'coordinates': [-122.401241, 37.791648]}",37.791648,-122.401241,0.0
457,Zorap,web,2.0,2008.0,"{'type': 'Point', 'coordinates': [-122.419204, 37.775196]}",37.775196,-122.419204,2250.0
458,RentMineOnline,web,,2007.0,,Invalid lat long,Invalid lat long,54.5
459,Airbnb,travel,,2008.0,,Invalid lat long,Invalid lat long,326000.0
460,ngmoco,games_video,150.0,2008.0,"{'type': 'Point', 'coordinates': [-122.4015807, 37.7705096]}",37.7705096,-122.4015807,44800.0
461,Xero,software,507.0,2006.0,,Invalid lat long,Invalid lat long,244000.0
462,ICPA,consulting,30.0,1992.0,"{'type': 'Point', 'coordinates': [-122.423065, 37.787645]}",37.787645,-122.423065,0.0
463,CraveOnline,web,38.0,2004.0,,Invalid lat long,Invalid lat long,0.0
464,Sharethrough,advertising,80.0,2008.0,"{'type': 'Point', 'coordinates': [-122.4018163, 37.7976785]}",37.7976785,-122.4018163,11000.0
465,MoneyBackJobs,web,,,"{'type': 'Point', 'coordinates': [-122.4392075, 37.7444211]}",37.7444211,-122.4392075,0.0
466,Paymo,mobile,,,"{'type': 'Point', 'coordinates': [-122.40264, 37.798684]}",37.798684,-122.40264,5000.0
467,Same Page Capital,consulting,1.0,2008.0,"{'type': 'Point', 'coordinates': [-122.4194155, 37.7749295]}",37.7749295,-122.4194155,0.0
468,KDDI,mobile,,2000.0,,Invalid lat long,Invalid lat long,0.0
469,Ecolect,cleantech,3.0,2007.0,"{'type': 'Point', 'coordinates': [-122.410111, 37.776769]}",37.776769,-122.410111,0.0
470,WorldMate,mobile,30.0,2000.0,,Invalid lat long,Invalid lat long,8510.0
471,Charles Schwab,,,,,Invalid lat long,Invalid lat long,6180.0
472,Recommind,enterprise,,2000.0,"{'type': 'Point', 'coordinates': [-122.404904, 37.796903]}",37.796903,-122.404904,15000.0
473,Integrate,software,120.0,2010.0,,Invalid lat long,Invalid lat long,34800.0
474,BackType,advertising,,2008.0,,Invalid lat long,Invalid lat long,1320.0
475,Native Instinct,web,,2004.0,"{'type': 'Point', 'coordinates': [-122.393528, 37.781021]}",37.781021,-122.393528,0.0
476,Innotas,software,,2000.0,"{'type': 'Point', 'coordinates': [-122.3993979, 37.787722]}",37.787722,-122.3993979,21300.0
477,Picwing,web,,,"{'type': 'Point', 'coordinates': [-122.395681, 37.774082]}",37.774082,-122.395681,0.0
478,Poll Everywhere,mobile,20.0,2008.0,"{'type': 'Point', 'coordinates': [-87.625271, 41.864917]}",41.864917,-87.625271,20.0
479,PX Interactive,software,8.0,2007.0,"{'type': 'Point', 'coordinates': [-122.407709, 37.781754]}",37.781754,-122.407709,0.0
480,Fluther,web,3.0,2007.0,"{'type': 'Point', 'coordinates': [-122.418642, 37.758062]}",37.758062,-122.418642,600.0
481,ReTel Technologies,analytics,5.0,2007.0,"{'type': 'Point', 'coordinates': [-87.596232, 41.78942]}",41.78942,-87.596232,1000.0
482,Foodzie,ecommerce,10.0,,"{'type': 'Point', 'coordinates': [-105.2773493, 40.0173513]}",40.0173513,-105.2773493,1020.0
483,AirMedia,software,,2003.0,,Invalid lat long,Invalid lat long,0.0
484,Lyft,software,180.0,2007.0,"{'type': 'Point', 'coordinates': [-122.4007846, 37.7899027]}",37.7899027,-122.4007846,82500.0
485,Shattered Reality Interactive,games_video,10.0,2006.0,"{'type': 'Point', 'coordinates': [-122.394067, 37.783046]}",37.783046,-122.394067,1100.0
486,Carticipate,mobile,3.0,2008.0,"{'type': 'Point', 'coordinates': [-122.389519, 37.782101]}",37.782101,-122.389519,130.0
487,Demandbase,analytics,80.0,2006.0,"{'type': 'Point', 'coordinates': [-122.400346, 37.796843]}",37.796843,-122.400346,33000.0
488,Fitbit,health,,2007.0,,Invalid lat long,Invalid lat long,68100.0
489,ShopCastTV,mobile,5.0,2007.0,"{'type': 'Point', 'coordinates': [-122.3943387, 37.7881481]}",37.7881481,-122.3943387,0.0
490,PlayPhone,games_video,,2003.0,,Invalid lat long,Invalid lat long,95100.0
491,Popego,advertising,120.0,2007.0,"{'type': 'Point', 'coordinates': [-122.421242, 37.778687]}",37.778687,-122.421242,0.0
492,TextMarks,mobile,5.0,2007.0,"{'type': 'Point', 'coordinates': [-122.428193, 37.79289]}",37.79289,-122.428193,0.0
493,plaYce,games_video,7.0,2008.0,"{'type': 'Point', 'coordinates': [-122.438231, 37.80204]}",37.80204,-122.438231,0.0
494,PeopleBrowsr,web,35.0,2007.0,"{'type': 'Point', 'coordinates': [-122.142326, 37.459112]}",37.459112,-122.142326,0.0
495,Blogcritics,web,,2002.0,"{'type': 'Point', 'coordinates': [-122.3693356, 37.8255226]}",37.8255226,-122.3693356,0.0
496,Twonq,web,3.0,2008.0,"{'type': 'Point', 'coordinates': [-122.403223, 37.794124]}",37.794124,-122.403223,800.0
497,Postbox,software,,2007.0,"{'type': 'Point', 'coordinates': [-122.388336, 37.758737]}",37.758737,-122.388336,0.0
498,AdRocket,advertising,5.0,2008.0,"{'type': 'Point', 'coordinates': [-122.419204, 37.775196]}",37.775196,-122.419204,1000.0
499,GoodGuide,web,10.0,2007.0,"{'type': 'Point', 'coordinates': [-122.4000032, 37.7983181]}",37.7983181,-122.4000032,14200.0
500,Yammer,enterprise,400.0,2008.0,"{'type': 'Point', 'coordinates': [-122.4179223, 37.776246]}",37.776246,-122.4179223,142000.0
501,TopNotchThemes,ecommerce,5.0,2008.0,"{'type': 'Point', 'coordinates': [-122.4186, 37.7753]}",37.7753,-122.4186,0.0
502,TRUECar,transportation,303.0,2005.0,,Invalid lat long,Invalid lat long,352000.0
503,Telespree,software,20.0,1998.0,"{'type': 'Point', 'coordinates': [-122.391011, 37.777092]}",37.777092,-122.391011,1000.0
504,AKQA,advertising,550.0,1995.0,"{'type': 'Point', 'coordinates': [-122.390254, 37.779437]}",37.779437,-122.390254,0.0
505,Softonic,web,360.0,1997.0,,Invalid lat long,Invalid lat long,0.0
506,Milobox,advertising,,2007.0,"{'type': 'Point', 'coordinates': [-122.421242, 37.792979]}",37.792979,-122.421242,0.0
507,ConnectSolutions,enterprise,50.0,2007.0,"{'type': 'Point', 'coordinates': [-122.347745, 37.580093]}",37.580093,-122.347745,10000.0
508,Lolapps,web,65.0,2008.0,"{'type': 'Point', 'coordinates': [-122.3999719, 37.7870923]}",37.7870923,-122.3999719,4000.0
509,tripJane,network_hosting,,,"{'type': 'Point', 'coordinates': [-122.3943387, 37.7881481]}",37.7881481,-122.3943387,0.0
510,Penguin Computing,software,,1998.0,"{'type': 'Point', 'coordinates': [-122.392901, 37.783171]}",37.783171,-122.392901,16300.0
511,BallerHouse,network_hosting,,2007.0,"{'type': 'Point', 'coordinates': [-122.419204, 37.775196]}",37.775196,-122.419204,0.0
512,Pixelpipe,mobile,10.0,2008.0,"{'type': 'Point', 'coordinates': [-122.401024, 37.764395]}",37.764395,-122.401024,2300.0
513,Scripped,software,4.0,2007.0,"{'type': 'Point', 'coordinates': [-122.4194155, 37.7749295]}",37.7749295,-122.4194155,700.0
514,InnerRewards,ecommerce,9.0,2008.0,"{'type': 'Point', 'coordinates': [-122.404403, 37.78691]}",37.78691,-122.404403,1000.0
515,XBOSoft,software,100.0,2006.0,,Invalid lat long,Invalid lat long,0.0
516,Fastmetrics,hardware,9.0,2002.0,"{'type': 'Point', 'coordinates': [-122.408646, 37.784137]}",37.784137,-122.408646,0.0
517,KDDI,mobile,,2000.0,,Invalid lat long,Invalid lat long,0.0
518,Ecolect,cleantech,3.0,2007.0,"{'type': 'Point', 'coordinates': [-122.410111, 37.776769]}",37.776769,-122.410111,0.0
519,WorldMate,mobile,30.0,2000.0,,Invalid lat long,Invalid lat long,8510.0
520,Charles Schwab,,,,,Invalid lat long,Invalid lat long,6180.0
521,Recommind,enterprise,,2000.0,"{'type': 'Point', 'coordinates': [-122.404904, 37.796903]}",37.796903,-122.404904,15000.0
522,Integrate,software,120.0,2010.0,,Invalid lat long,Invalid lat long,34800.0
523,BackType,advertising,,2008.0,,Invalid lat long,Invalid lat long,1320.0
524,Native Instinct,web,,2004.0,"{'type': 'Point', 'coordinates': [-122.393528, 37.781021]}",37.781021,-122.393528,0.0
525,Innotas,software,,2000.0,"{'type': 'Point', 'coordinates': [-122.3993979, 37.787722]}",37.787722,-122.3993979,21300.0
526,Picwing,web,,,"{'type': 'Point', 'coordinates': [-122.395681, 37.774082]}",37.774082,-122.395681,0.0
527,Poll Everywhere,mobile,20.0,2008.0,"{'type': 'Point', 'coordinates': [-87.625271, 41.864917]}",41.864917,-87.625271,20.0
528,PX Interactive,software,8.0,2007.0,"{'type': 'Point', 'coordinates': [-122.407709, 37.781754]}",37.781754,-122.407709,0.0
529,Fluther,web,3.0,2007.0,"{'type': 'Point', 'coordinates': [-122.418642, 37.758062]}",37.758062,-122.418642,600.0
530,ReTel Technologies,analytics,5.0,2007.0,"{'type': 'Point', 'coordinates': [-87.596232, 41.78942]}",41.78942,-87.596232,1000.0
531,Foodzie,ecommerce,10.0,,"{'type': 'Point', 'coordinates': [-105.2773493, 40.0173513]}",40.0173513,-105.2773493,1020.0
532,AirMedia,software,,2003.0,,Invalid lat long,Invalid lat long,0.0
533,Lyft,software,180.0,2007.0,"{'type': 'Point', 'coordinates': [-122.4007846, 37.7899027]}",37.7899027,-122.4007846,82500.0
534,Carticipate,mobile,3.0,2008.0,"{'type': 'Point', 'coordinates': [-122.389519, 37.782101]}",37.782101,-122.389519,130.0
535,Shattered Reality Interactive,games_video,10.0,2006.0,"{'type': 'Point', 'coordinates': [-122.394067, 37.783046]}",37.783046,-122.394067,1100.0
536,Fitbit,health,,2007.0,,Invalid lat long,Invalid lat long,68100.0
537,Demandbase,analytics,80.0,2006.0,"{'type': 'Point', 'coordinates': [-122.400346, 37.796843]}",37.796843,-122.400346,33000.0
538,ShopCastTV,mobile,5.0,2007.0,"{'type': 'Point', 'coordinates': [-122.3943387, 37.7881481]}",37.7881481,-122.3943387,0.0
539,PlayPhone,games_video,,2003.0,,Invalid lat long,Invalid lat long,95100.0
540,Popego,advertising,120.0,2007.0,"{'type': 'Point', 'coordinates': [-122.421242, 37.778687]}",37.778687,-122.421242,0.0
541,TextMarks,mobile,5.0,2007.0,"{'type': 'Point', 'coordinates': [-122.428193, 37.79289]}",37.79289,-122.428193,0.0
542,plaYce,games_video,7.0,2008.0,"{'type': 'Point', 'coordinates': [-122.438231, 37.80204]}",37.80204,-122.438231,0.0
543,PeopleBrowsr,web,35.0,2007.0,"{'type': 'Point', 'coordinates': [-122.142326, 37.459112]}",37.459112,-122.142326,0.0
544,Blogcritics,web,,2002.0,"{'type': 'Point', 'coordinates': [-122.3693356, 37.8255226]}",37.8255226,-122.3693356,0.0
545,Twonq,web,3.0,2008.0,"{'type': 'Point', 'coordinates': [-122.403223, 37.794124]}",37.794124,-122.403223,800.0
546,Postbox,software,,2007.0,"{'type': 'Point', 'coordinates': [-122.388336, 37.758737]}",37.758737,-122.388336,0.0
547,AdRocket,advertising,5.0,2008.0,"{'type': 'Point', 'coordinates': [-122.419204, 37.775196]}",37.775196,-122.419204,1000.0
548,GoodGuide,web,10.0,2007.0,"{'type': 'Point', 'coordinates': [-122.4000032, 37.7983181]}",37.7983181,-122.4000032,14200.0
549,Yammer,enterprise,400.0,2008.0,"{'type': 'Point', 'coordinates': [-122.4179223, 37.776246]}",37.776246,-122.4179223,142000.0
550,TopNotchThemes,ecommerce,5.0,2008.0,"{'type': 'Point', 'coordinates': [-122.4186, 37.7753]}",37.7753,-122.4186,0.0
551,TRUECar,transportation,303.0,2005.0,,Invalid lat long,Invalid lat long,352000.0
552,Telespree,software,20.0,1998.0,"{'type': 'Point', 'coordinates': [-122.391011, 37.777092]}",37.777092,-122.391011,1000.0
553,Softonic,web,360.0,1997.0,,Invalid lat long,Invalid lat long,0.0
554,AKQA,advertising,550.0,1995.0,"{'type': 'Point', 'coordinates': [-122.390254, 37.779437]}",37.779437,-122.390254,0.0
555,Milobox,advertising,,2007.0,"{'type': 'Point', 'coordinates': [-122.421242, 37.792979]}",37.792979,-122.421242,0.0
556,ConnectSolutions,enterprise,50.0,2007.0,"{'type': 'Point', 'coordinates': [-122.347745, 37.580093]}",37.580093,-122.347745,10000.0
557,Lolapps,web,65.0,2008.0,"{'type': 'Point', 'coordinates': [-122.3999719, 37.7870923]}",37.7870923,-122.3999719,4000.0
558,tripJane,network_hosting,,,"{'type': 'Point', 'coordinates': [-122.3943387, 37.7881481]}",37.7881481,-122.3943387,0.0
559,Penguin Computing,software,,1998.0,"{'type': 'Point', 'coordinates': [-122.392901, 37.783171]}",37.783171,-122.392901,16300.0
560,BallerHouse,network_hosting,,2007.0,"{'type': 'Point', 'coordinates': [-122.419204, 37.775196]}",37.775196,-122.419204,0.0
561,Pixelpipe,mobile,10.0,2008.0,"{'type': 'Point', 'coordinates': [-122.401024, 37.764395]}",37.764395,-122.401024,2300.0
562,InnerRewards,ecommerce,9.0,2008.0,"{'type': 'Point', 'coordinates': [-122.404403, 37.78691]}",37.78691,-122.404403,1000.0
563,Scripped,software,4.0,2007.0,"{'type': 'Point', 'coordinates': [-122.4194155, 37.7749295]}",37.7749295,-122.4194155,700.0
564,XBOSoft,software,100.0,2006.0,,Invalid lat long,Invalid lat long,0.0
565,Fastmetrics,hardware,9.0,2002.0,"{'type': 'Point', 'coordinates': [-122.408646, 37.784137]}",37.784137,-122.408646,0.0
566,Getfugu,software,10.0,2007.0,"{'type': 'Point', 'coordinates': [-122.402683, 37.771706]}",37.771706,-122.402683,800.0
567,nCircle Network Security,software,,1998.0,,Invalid lat long,Invalid lat long,6000.0
568,AppVee,mobile,,2008.0,"{'type': 'Point', 'coordinates': [-122.419204, 37.775196]}",37.775196,-122.419204,0.0
569,Notifixious,public_relations,1.0,2008.0,,Invalid lat long,Invalid lat long,200.0
570,Notifixious,public_relations,1.0,2008.0,,Invalid lat long,Invalid lat long,200.0
571,perceptu,web,10.0,2009.0,,Invalid lat long,Invalid lat long,0.0
572,Brightstorm,games_video,,2008.0,"{'type': 'Point', 'coordinates': [-122.371203, 37.804619]}",37.804619,-122.371203,6000.0
573,Plum,web,,,"{'type': 'Point', 'coordinates': [-122.414952, 37.772938]}",37.772938,-122.414952,0.0
574,SocialMoms,web,8.0,2008.0,,Invalid lat long,Invalid lat long,0.0
575,Bandcamp,music,4.0,2008.0,,Invalid lat long,Invalid lat long,0.0
576,Capital West Advisors,consulting,12.0,2006.0,"{'type': 'Point', 'coordinates': [-122.404086, 37.792821]}",37.792821,-122.404086,0.0
577,BoxCycle,web,,2008.0,"{'type': 'Point', 'coordinates': [-122.419204, 37.775196]}",37.775196,-122.419204,0.0
578,e-Clips,advertising,4.0,2007.0,"{'type': 'Point', 'coordinates': [-122.420572, 37.761404]}",37.761404,-122.420572,0.0
579,World Golf Tour,sports,,2007.0,,Invalid lat long,Invalid lat long,21000.0
580,PicApp,web,,2008.0,"{'type': 'Point', 'coordinates': [-122.4031242, 37.79402]}",37.79402,-122.4031242,3200.0
581,Groupon,web,10000.0,2008.0,,Invalid lat long,Invalid lat long,1150000.0
582,metaio,software,65.0,2003.0,"{'type': 'Point', 'coordinates': [-122.341715, 37.590339]}",37.590339,-122.341715,0.0
583,Smule,music,55.0,2008.0,"{'type': 'Point', 'coordinates': [-122.391236, 37.779624]}",37.779624,-122.391236,25500.0
584,OQO,mobile,,2000.0,"{'type': 'Point', 'coordinates': [-122.415869, 37.759117]}",37.759117,-122.415869,39800.0
585,eGroups,web,,1998.0,,Invalid lat long,Invalid lat long,0.0
586,2020systems,advertising,,,"{'type': 'Point', 'coordinates': [-122.419204, 37.775196]}",37.775196,-122.419204,0.0
587,Radionomy,music,12.0,2007.0,,Invalid lat long,Invalid lat long,6000.0
588,IntoSpace,other,,2008.0,"{'type': 'Point', 'coordinates': [-122.393041, 37.779558]}",37.779558,-122.393041,0.0
589,One Season,games_video,,2007.0,"{'type': 'Point', 'coordinates': [-122.419204, 37.775196]}",37.775196,-122.419204,3750.0
590,GoldMail,public_relations,14.0,2007.0,,Invalid lat long,Invalid lat long,500.0
591,Mindjet,software,200.0,1995.0,"{'type': 'Point', 'coordinates': [9.049981, 50.095312]}",50.095312,9.049981,15000.0
592,6s Marketing,,,,,Invalid lat long,Invalid lat long,0.0
593,BootstrapLabs,other,,2008.0,,Invalid lat long,Invalid lat long,0.0
594,Papercheck,consulting,35.0,2001.0,"{'type': 'Point', 'coordinates': [-122.4035368, 37.7875973]}",37.7875973,-122.4035368,0.0
595,NativeX,advertising,150.0,2000.0,,Invalid lat long,Invalid lat long,0.0
596,Reframe It,web,10.0,2007.0,"{'type': 'Point', 'coordinates': [-122.400591, 37.782163]}",37.782163,-122.400591,3180.0
597,Adblue,advertising,,,"{'type': 'Point', 'coordinates': [-122.419204, 37.775196]}",37.775196,-122.419204,0.0
598,Vinfolio,ecommerce,68.0,2003.0,"{'type': 'Point', 'coordinates': [-122.410752, 37.763293]}",37.763293,-122.410752,10600.0
599,iRISQ,ecommerce,5.0,2007.0,"{'type': 'Point', 'coordinates': [-122.39203, 37.790744]}",37.790744,-122.39203,0.0
600,my6sense,advertising,14.0,2007.0,,Invalid lat long,Invalid lat long,7500.0
601,KQED,public_relations,,1954.0,,Invalid lat long,Invalid lat long,0.0
602,AlphaClone,finance,2.0,2008.0,"{'type': 'Point', 'coordinates': [-122.403073, 37.79023]}",37.79023,-122.403073,1400.0
603,Booyah,games_video,,2008.0,"{'type': 'Point', 'coordinates': [-122.2103414, 37.420728]}",37.420728,-122.2103414,59500.0
604,Thismoment,enterprise,135.0,2008.0,,Invalid lat long,Invalid lat long,34400.0
605,Webtab,mobile,,2010.0,,Invalid lat long,Invalid lat long,2000.0
606,GotGame,games_video,15.0,2006.0,"{'type': 'Point', 'coordinates': [-122.395785, 37.77772]}",37.77772,-122.395785,1000.0
607,Formspring,web,19.0,2009.0,"{'type': 'Point', 'coordinates': [-86.0547016, 39.9052263]}",39.9052263,-86.0547016,14300.0
608,acerno,web,,2004.0,"{'type': 'Point', 'coordinates': [-122.419966, 37.775028]}",37.775028,-122.419966,0.0
609,SonicLiving,games_video,10.0,2006.0,"{'type': 'Point', 'coordinates': [-122.290897, 37.8448035]}",37.8448035,-122.290897,0.0
610,Emotive Communications,enterprise,25.0,2011.0,,Invalid lat long,Invalid lat long,14000.0
611,Arista Networks,public_relations,,2005.0,,Invalid lat long,Invalid lat long,0.0
612,Ebates,ecommerce,,1998.0,,Invalid lat long,Invalid lat long,0.0
613,Stupeflix,web,15.0,2009.0,,Invalid lat long,Invalid lat long,0.0
614,Red Sky Interactive,consulting,,,,Invalid lat long,Invalid lat long,0.0
615,iLetYou,ecommerce,,,"{'type': 'Point', 'coordinates': [-122.419204, 37.775196]}",37.775196,-122.419204,0.0
616,WePC,other,,2008.0,,Invalid lat long,Invalid lat long,0.0
617,DocVerse,web,5.0,2007.0,"{'type': 'Point', 'coordinates': [-122.397141, 37.788115]}",37.788115,-122.397141,1300.0
618,My Rental Units,public_relations,0.0,2006.0,"{'type': 'Point', 'coordinates': [-122.398774, 37.786393]}",37.786393,-122.398774,0.0
619,Sparkpr,public_relations,50.0,1999.0,"{'type': 'Point', 'coordinates': [-122.3884419, 37.7873938]}",37.7873938,-122.3884419,0.0
620,Tivix,software,18.0,2008.0,"{'type': 'Point', 'coordinates': [-122.423132, 37.792303]}",37.792303,-122.423132,0.0
621,Virgance,web,15.0,2008.0,"{'type': 'Point', 'coordinates': [-122.394958, 37.781262]}",37.781262,-122.394958,750.0
622,SitePoint,,,1998.0,"{'type': 'Point', 'coordinates': [-122.398058, 37.7753]}",37.7753,-122.398058,0.0
623,WordNetworks,web,4.0,2006.0,"{'type': 'Point', 'coordinates': [-122.394635, 37.782886]}",37.782886,-122.394635,0.0
624,faberNovel,consulting,50.0,2003.0,"{'type': 'Point', 'coordinates': [-122.4148917, 37.7736667]}",37.7736667,-122.4148917,0.0
625,148Apps,software,1.0,2008.0,"{'type': 'Point', 'coordinates': [-122.419204, 37.775196]}",37.775196,-122.419204,0.0
626,Lookout,security,,2007.0,,Invalid lat long,Invalid lat long,131000.0
627,TubeSpree,games_video,11.0,2007.0,"{'type': 'Point', 'coordinates': [-122.421406, 37.781386]}",37.781386,-122.421406,0.0
628,CaptainU,software,20.0,2007.0,"{'type': 'Point', 'coordinates': [-87.5962319, 41.7894201]}",41.7894201,-87.5962319,0.0
629,Revel Industries,,,,,Invalid lat long,Invalid lat long,0.0
630,Newzwag,web,10.0,2007.0,,Invalid lat long,Invalid lat long,0.0
631,Big Noise PR,,,,,Invalid lat long,Invalid lat long,0.0
632,Sapient,enterprise,10000.0,1990.0,"{'type': 'Point', 'coordinates': [-122.392521, 37.79088]}",37.79088,-122.392521,2400.0
633,Gap,,,1969.0,,Invalid lat long,Invalid lat long,0.0
634,KIXEYE,games_video,,2007.0,,Invalid lat long,Invalid lat long,19000.0
635,Stamen Design,web,,2000.0,,Invalid lat long,Invalid lat long,0.0
636,SalesOnlineWorld,advertising,,,"{'type': 'Point', 'coordinates': [-122.398126, 37.791128]}",37.791128,-122.398126,0.0
637,Twilio,enterprise,100.0,2007.0,"{'type': 'Point', 'coordinates': [-122.4006831, 37.7898499]}",37.7898499,-122.4006831,104000.0
638,Codegear,software,,,"{'type': 'Point', 'coordinates': [-122.398062, 37.793949]}",37.793949,-122.398062,0.0
639,DigitalThink,,,1996.0,,Invalid lat long,Invalid lat long,0.0
640,RPX Corporation,legal,,,"{'type': 'Point', 'coordinates': [-122.397298, 37.794948]}",37.794948,-122.397298,0.0
641,Storenvy,ecommerce,10.0,2009.0,,Invalid lat long,Invalid lat long,6530.0
642,LoopNet,ecommerce,300.0,1995.0,"{'type': 'Point', 'coordinates': [-122.3931139, 37.7759421]}",37.7759421,-122.3931139,50000.0
643,Fanminder,advertising,11.0,2008.0,"{'type': 'Point', 'coordinates': [-122.1151274, 37.3792486]}",37.3792486,-122.1151274,1000.0
644,ZingSale,ecommerce,2.0,2008.0,"{'type': 'Point', 'coordinates': [-117.163841, 32.718834]}",32.718834,-117.163841,0.0
645,Open Mountain,software,,2007.0,"{'type': 'Point', 'coordinates': [-122.429788, 37.795276]}",37.795276,-122.429788,0.0
646,ThoughtWorks Studios,software,1100.0,1992.0,"{'type': 'Point', 'coordinates': [-122.395089, 37.793819]}",37.793819,-122.395089,0.0
647,Callixa,software,,,,Invalid lat long,Invalid lat long,0.0
648,MotionApps,software,,2003.0,"{'type': 'Point', 'coordinates': [-122.3963738, 37.7845627]}",37.7845627,-122.3963738,0.0
649,Matter Network,cleantech,,2008.0,"{'type': 'Point', 'coordinates': [-122.3985871, 37.7618242]}",37.7618242,-122.3985871,0.0
650,Commission Junction,advertising,500.0,1998.0,,Invalid lat long,Invalid lat long,0.0
651,Connectize,software,,2008.0,"{'type': 'Point', 'coordinates': [-122.419204, 37.775196]}",37.775196,-122.419204,0.0
652,Dented Reality,,,,,Invalid lat long,Invalid lat long,0.0
653,Sojern,travel,75.0,2007.0,"{'type': 'Point', 'coordinates': [-96.183033, 41.238038]}",41.238038,-96.183033,42500.0
654,ARX,software,60.0,1987.0,"{'type': 'Point', 'coordinates': [-122.4025016, 37.7809512]}",37.7809512,-122.4025016,0.0
655,Psolenoid,,,,"{'type': 'Point', 'coordinates': [-122.2945885, 37.5401432]}",37.5401432,-122.2945885,0.0
656,EVault,software,,1997.0,"{'type': 'Point', 'coordinates': [-122.399817, 37.78505]}",37.78505,-122.399817,0.0
657,Vontu,software,,2001.0,,Invalid lat long,Invalid lat long,20000.0
658,Circle of Moms,web,9.0,2008.0,"{'type': 'Point', 'coordinates': [-122.3915063, 37.7890183]}",37.7890183,-122.3915063,0.0
659,Soma Networks,network_hosting,,1999.0,"{'type': 'Point', 'coordinates': [-122.4026325, 37.7710402]}",37.7710402,-122.4026325,51000.0
660,YieldBuild,advertising,,,"{'type': 'Point', 'coordinates': [-122.3989376, 37.7877967]}",37.7877967,-122.3989376,6000.0
661,Optimate Networks,games_video,7.0,2007.0,,Invalid lat long,Invalid lat long,0.0
662,Snappr,mobile,0.0,2008.0,"{'type': 'Point', 'coordinates': [-122.414259, 37.762718]}",37.762718,-122.414259,0.0
663,Silicon Color,,,,"{'type': 'Point', 'coordinates': [-122.392901, 37.783171]}",37.783171,-122.392901,0.0
664,StartupAgents,web,1.0,2007.0,"{'type': 'Point', 'coordinates': [-122.419204, 37.775196]}",37.775196,-122.419204,0.0
665,MacArthur Associates,other,10.0,1989.0,"{'type': 'Point', 'coordinates': [-122.401736, 37.789778]}",37.789778,-122.401736,0.0
666,Coveroo,hardware,28.0,2008.0,"{'type': 'Point', 'coordinates': [-122.407603, 37.770067]}",37.770067,-122.407603,3800.0
667,Clikthrough,software,5.0,2007.0,"{'type': 'Point', 'coordinates': [-122.4022856, 37.7965781]}",37.7965781,-122.4022856,2000.0
668,Qitera,search,10.0,2007.0,"{'type': 'Point', 'coordinates': [-122.4184108, 37.7581148]}",37.7581148,-122.4184108,0.0
669,Commercial Partners,consulting,10.0,2006.0,"{'type': 'Point', 'coordinates': [-122.401353, 37.792796]}",37.792796,-122.401353,0.0
670,SenSage,security,,2004.0,"{'type': 'Point', 'coordinates': [-122.398393, 37.785655]}",37.785655,-122.398393,37100.0
671,BlueKai,advertising,142.0,2007.0,,Invalid lat long,Invalid lat long,41900.0
672,Jaspersoft,software,,2001.0,"{'type': 'Point', 'coordinates': [-122.403111, 37.765388]}",37.765388,-122.403111,43500.0
673,JiWire,advertising,50.0,2003.0,,Invalid lat long,Invalid lat long,44900.0
674,Indee,games_video,3.0,2010.0,"{'type': 'Point', 'coordinates': [-122.4052761, 37.8053241]}",37.8053241,-122.4052761,0.0
675,Envivio,software,,2000.0,"{'type': 'Point', 'coordinates': [-122.38222, 37.665469]}",37.665469,-122.38222,59000.0
676,AMP Consulting,consulting,8.0,2004.0,"{'type': 'Point', 'coordinates': [-122.4006831, 37.7898499]}",37.7898499,-122.4006831,0.0
677,SeeSaw Networks,advertising,,2005.0,"{'type': 'Point', 'coordinates': [-122.399981, 37.791564]}",37.791564,-122.399981,21100.0
678,JumpFox,consulting,7.0,2009.0,,Invalid lat long,Invalid lat long,0.0
679,NaturalPath Media,advertising,7.0,2006.0,"{'type': 'Point', 'coordinates': [-122.399959, 37.787247]}",37.787247,-122.399959,250.0
680,Klout,social,79.0,2008.0,"{'type': 'Point', 'coordinates': [-118.2474287, 34.0497638]}",34.0497638,-118.2474287,40000.0
681,DailyLit,,,,"{'type': 'Point', 'coordinates': [-73.7360671, 40.9519444]}",40.9519444,-73.7360671,0.0
682,SideStripe,search,,,,Invalid lat long,Invalid lat long,250.0
683,Mocana,security,85.0,2002.0,"{'type': 'Point', 'coordinates': [-122.401001, 37.793783]}",37.793783,-122.401001,50500.0
684,Kaplan Index,web,,2008.0,"{'type': 'Point', 'coordinates': [-122.419204, 37.775196]}",37.775196,-122.419204,0.0
685,thoughtbot,consulting,62.0,2003.0,,Invalid lat long,Invalid lat long,0.0
686,Project Frog,cleantech,,2006.0,,Invalid lat long,Invalid lat long,55200.0
687,LiveVox,web,,1999.0,"{'type': 'Point', 'coordinates': [-122.401144, 37.794643]}",37.794643,-122.401144,12100.0
688,Jar Media,other,,,"{'type': 'Point', 'coordinates': [-122.433866, 37.80426]}",37.80426,-122.433866,0.0
689,Fuego Nation,web,,2007.0,"{'type': 'Point', 'coordinates': [-122.419204, 37.775196]}",37.775196,-122.419204,1500.0
690,Applied Identity,advertising,,2002.0,,Invalid lat long,Invalid lat long,33000.0
691,Clarabridge,enterprise,150.0,2005.0,"{'type': 'Point', 'coordinates': [-122.402844, 37.791402]}",37.791402,-122.402844,84300.0
692,DigaCast,,,,,Invalid lat long,Invalid lat long,0.0
693,Cognitive Networks,network_hosting,,2008.0,,Invalid lat long,Invalid lat long,6000.0
694,CrowdFlower,enterprise,49.0,2007.0,"{'type': 'Point', 'coordinates': [-122.4204782, 37.7652755]}",37.7652755,-122.4204782,13200.0
695,Double Fusion,web,80.0,2004.0,"{'type': 'Point', 'coordinates': [-122.3927145, 37.7887135]}",37.7887135,-122.3927145,59000.0
696,5th Finger,mobile,50.0,2008.0,"{'type': 'Point', 'coordinates': [-122.4021988, 37.7900992]}",37.7900992,-122.4021988,7000.0
697,Mobillcash,mobile,,2003.0,"{'type': 'Point', 'coordinates': [-122.4186, 37.7753]}",37.7753,-122.4186,0.0
698,SmartTurn,advertising,,2004.0,"{'type': 'Point', 'coordinates': [-122.395327, 37.789801]}",37.789801,-122.395327,5000.0
699,SpongeFish,web,,,"{'type': 'Point', 'coordinates': [-122.3943096, 37.7800788]}",37.7800788,-122.3943096,2000.0
700,NorthStar Systems International,software,,2001.0,"{'type': 'Point', 'coordinates': [-122.40036, 37.789551]}",37.789551,-122.40036,29500.0
701,Roundbox,software,,,"{'type': 'Point', 'coordinates': [-122.3978187, 37.7864636]}",37.7864636,-122.3978187,43000.0
702,SQA Solution,consulting,15.0,,"{'type': 'Point', 'coordinates': [-122.3985871, 37.7618242]}",37.7618242,-122.3985871,0.0
703,LOO-LEE,mobile,,2008.0,"{'type': 'Point', 'coordinates': [-122.471044, 37.777145]}",37.777145,-122.471044,0.0
704,Focus,enterprise,,2005.0,"{'type': 'Point', 'coordinates': [-122.398062, 37.793949]}",37.793949,-122.398062,12200.0
705,BrightTALK,software,,2002.0,"{'type': 'Point', 'coordinates': [-122.398126, 37.791128]}",37.791128,-122.398126,20500.0
706,Heyzap,games_video,,2009.0,"{'type': 'Point', 'coordinates': [-122.4041485, 37.7905538]}",37.7905538,-122.4041485,7970.0
707,Tripbase,web,10.0,2005.0,"{'type': 'Point', 'coordinates': [-122.159928, 37.437328]}",37.437328,-122.159928,0.0
708,BookFresh,web,,2007.0,,Invalid lat long,Invalid lat long,500.0
709,Meez,hardware,21.0,2009.0,"{'type': 'Point', 'coordinates': [-122.397582, 37.785271]}",37.785271,-122.397582,10200.0
710,Pulse Entertainment,mobile,,1994.0,"{'type': 'Point', 'coordinates': [-122.404869, 37.796396]}",37.796396,-122.404869,7000.0
711,Voxer LLC,mobile,20.0,2007.0,,Invalid lat long,Invalid lat long,30000.0
712,Donnorwood Media,web,,,"{'type': 'Point', 'coordinates': [-122.397582, 37.785271]}",37.785271,-122.397582,5000.0
713,Visa,other,,1958.0,,Invalid lat long,Invalid lat long,0.0
714,Universal Curve,consulting,,2006.0,"{'type': 'Point', 'coordinates': [-122.419204, 37.775196]}",37.775196,-122.419204,0.0
715,NorthPoint Communications Group,network_hosting,948.0,1997.0,,Invalid lat long,Invalid lat long,0.0
716,Plausible Labs Cooperative,mobile,,,"{'type': 'Point', 'coordinates': [-122.446967, 37.764895]}",37.764895,-122.446967,0.0
717,LesConcierges,public_relations,,1987.0,"{'type': 'Point', 'coordinates': [-122.394265, 37.789518]}",37.789518,-122.394265,27400.0
718,Skout,social,100.0,2007.0,"{'type': 'Point', 'coordinates': [-122.3912492, 37.7800539]}",37.7800539,-122.3912492,22000.0
719,Factor Technology Group,software,,,,Invalid lat long,Invalid lat long,2960.0
720,CyberArts,software,55.0,,"{'type': 'Point', 'coordinates': [-122.435399, 37.737609]}",37.737609,-122.435399,16300.0
721,ScramblerMail,web,,,"{'type': 'Point', 'coordinates': [-122.440579, 37.79998]}",37.79998,-122.440579,0.0
722,Granicus,software,,1999.0,"{'type': 'Point', 'coordinates': [-122.397847, 37.787445]}",37.787445,-122.397847,10300.0
723,AgentArts,mobile,,1999.0,,Invalid lat long,Invalid lat long,0.0
724,Genstar Capital,,,2005.0,"{'type': 'Point', 'coordinates': [-122.396123, 37.795263]}",37.795263,-122.396123,0.0
725,/community,enterprise,,2008.0,"{'type': 'Point', 'coordinates': [-122.4038185, 37.7884349]}",37.7884349,-122.4038185,0.0
726,Bolt Creative,mobile,,,"{'type': 'Point', 'coordinates': [-122.419204, 37.775196]}",37.775196,-122.419204,0.0
727,Decorati,web,10.0,,"{'type': 'Point', 'coordinates': [-122.3999719, 37.7870923]}",37.7870923,-122.3999719,0.0
728,Glu Mobile,mobile,,2001.0,"{'type': 'Point', 'coordinates': [-122.3973539, 37.7911371]}",37.7911371,-122.3973539,23600.0
729,NEXAGE,mobile,60.0,2006.0,,Invalid lat long,Invalid lat long,19500.0
730,Neocase Software,software,,2001.0,"{'type': 'Point', 'coordinates': [-122.398393, 37.785655]}",37.785655,-122.398393,16500.0
731,Riverbed Technology,software,1000.0,2002.0,"{'type': 'Point', 'coordinates': [-122.3951844, 37.7892685]}",37.7892685,-122.3951844,0.0
732,ZVUE,,,2003.0,"{'type': 'Point', 'coordinates': [-122.405756, 37.772386]}",37.772386,-122.405756,0.0
733,CodeGlide,software,10.0,2007.0,"{'type': 'Point', 'coordinates': [-122.3979712, 37.7934643]}",37.7934643,-122.3979712,500.0
734,Cloudspace,consulting,19.0,1996.0,,Invalid lat long,Invalid lat long,0.0
735,Brightidea,software,,1999.0,"{'type': 'Point', 'coordinates': [-122.3952515, 37.7793652]}",37.7793652,-122.3952515,0.0
736,KODA,web,15.0,2008.0,"{'type': 'Point', 'coordinates': [-122.40971, 37.788796]}",37.788796,-122.40971,4500.0
737,Visage Mobile,enterprise,51.0,2001.0,"{'type': 'Point', 'coordinates': [-122.401194, 37.795141]}",37.795141,-122.401194,14000.0
738,ClerkDogs,other,35.0,2007.0,"{'type': 'Point', 'coordinates': [-122.4184108, 37.7581148]}",37.7581148,-122.4184108,0.0
739,AdaptiveAds,advertising,,,"{'type': 'Point', 'coordinates': [-122.4035368, 37.7875973]}",37.7875973,-122.4035368,0.0
740,Socialize,mobile,10.0,2008.0,"{'type': 'Point', 'coordinates': [-76.998641, 38.88521]}",38.88521,-76.998641,1820.0
741,Sustainable Life Media,web,,,"{'type': 'Point', 'coordinates': [-122.344445, 37.577818]}",37.577818,-122.344445,0.0
742,McKesson Surgical Solutions,software,,,"{'type': 'Point', 'coordinates': [-122.4020296, 37.7891259]}",37.7891259,-122.4020296,0.0
743,CBS MarketWatch,,,1997.0,,Invalid lat long,Invalid lat long,0.0
744,Sensor Analytics,software,,2006.0,"{'type': 'Point', 'coordinates': [-122.419204, 37.775196]}",37.775196,-122.419204,0.0
745,MediaMelon,software,,2008.0,"{'type': 'Point', 'coordinates': [-122.40414, 37.792968]}",37.792968,-122.40414,0.0
746,Fortumo,mobile,45.0,2007.0,"{'type': 'Point', 'coordinates': [24.8021233, 59.42145]}",59.42145,24.8021233,10000.0
747,Headline Shirts,other,,2004.0,"{'type': 'Point', 'coordinates': [-122.410304, 37.758104]}",37.758104,-122.410304,0.0
748,Eightfold Logic,advertising,,2006.0,"{'type': 'Point', 'coordinates': [-122.4010675, 37.7870841]}",37.7870841,-122.4010675,19400.0
749,Dot Com Infoway Australia,software,350.0,2000.0,,Invalid lat long,Invalid lat long,0.0
750,CSRware,enterprise,50.0,2009.0,,Invalid lat long,Invalid lat long,250.0
751,Business Wire,ecommerce,,1961.0,,Invalid lat long,Invalid lat long,0.0
752,Jobnob,search,,2008.0,"{'type': 'Point', 'coordinates': [-122.4219405, 37.7440202]}",37.7440202,-122.4219405,0.0
753,PaperG,advertising,50.0,2008.0,"{'type': 'Point', 'coordinates': [-122.406111, 37.7905948]}",37.7905948,-122.406111,2700.0
754,3Degrees,cleantech,52.0,2007.0,"{'type': 'Point', 'coordinates': [-122.457623, 37.7968492]}",37.7968492,-122.457623,0.0
755,Culture Unplugged Studios,games_video,45.0,2008.0,,Invalid lat long,Invalid lat long,0.0
756,Wakesoft,software,,,,Invalid lat long,Invalid lat long,0.0
757,Startup Revival,public_relations,1.0,2009.0,"{'type': 'Point', 'coordinates': [-122.419204, 37.775196]}",37.775196,-122.419204,0.0
758,Fliggo,games_video,2.0,2012.0,"{'type': 'Point', 'coordinates': [-122.419204, 37.775196]}",37.775196,-122.419204,0.0
759,Diomede Storage,cleantech,,2008.0,"{'type': 'Point', 'coordinates': [-122.4186, 37.7753]}",37.7753,-122.4186,0.0
760,Meedan,search,20.0,2007.0,"{'type': 'Point', 'coordinates': [-122.422503, 37.786317]}",37.786317,-122.422503,0.0
761,JustGive,other,11.0,1999.0,"{'type': 'Point', 'coordinates': [-122.405863, 37.789833]}",37.789833,-122.405863,0.0
762,Cloudize,enterprise,3.0,2008.0,"{'type': 'Point', 'coordinates': [-122.402667, 37.793473]}",37.793473,-122.402667,0.0
763,Always Innovating,hardware,,,"{'type': 'Point', 'coordinates': [-122.169472, 37.48413]}",37.48413,-122.169472,0.0
764,Vanno,web,9.0,2007.0,"{'type': 'Point', 'coordinates': [-122.403755, 37.796216]}",37.796216,-122.403755,0.0
765,Tynt,messaging,,2007.0,,Invalid lat long,Invalid lat long,11900.0
766,T3,advertising,,,,Invalid lat long,Invalid lat long,0.0
767,Xmarks,search,12.0,2006.0,,Invalid lat long,Invalid lat long,0.0
768,TechWeb,other,,,"{'type': 'Point', 'coordinates': [-122.395913, 37.784132]}",37.784132,-122.395913,0.0
769,Founder Institute,other,3.0,2009.0,,Invalid lat long,Invalid lat long,0.0
770,Workbridge Associates,other,170.0,1989.0,"{'type': 'Point', 'coordinates': [-122.401736, 37.789778]}",37.789778,-122.401736,0.0
771,Jobspring Partners,other,200.0,1989.0,"{'type': 'Point', 'coordinates': [-122.401333, 37.788653]}",37.788653,-122.401333,0.0
772,MyLikes,advertising,,2010.0,"{'type': 'Point', 'coordinates': [-122.408914, 37.777995]}",37.777995,-122.408914,6230.0
773,The Vertical Action Group,consulting,10.0,2009.0,"{'type': 'Point', 'coordinates': [-122.4000032, 37.7983181]}",37.7983181,-122.4000032,0.0
774,PerformLine,advertising,,2008.0,"{'type': 'Point', 'coordinates': [-122.4079619, 37.7829746]}",37.7829746,-122.4079619,0.0
775,Dyn,network_hosting,250.0,2001.0,,Invalid lat long,Invalid lat long,38000.0
776,Unity Technologies,games_video,200.0,2004.0,"{'type': 'Point', 'coordinates': [12.530107, 55.6924605]}",55.6924605,12.530107,17500.0
777,WikiPock,mobile,,,"{'type': 'Point', 'coordinates': [-122.4156988, 37.7751779]}",37.7751779,-122.4156988,0.0
778,CompareNet,,,1996.0,,Invalid lat long,Invalid lat long,0.0
779,StepUp Commerce,ecommerce,,2004.0,,Invalid lat long,Invalid lat long,0.0
780,Foodoro,ecommerce,,2008.0,,Invalid lat long,Invalid lat long,0.0
781,Honk,web,10.0,2009.0,,Invalid lat long,Invalid lat long,0.0
782,Keas,enterprise,50.0,2008.0,,Invalid lat long,Invalid lat long,25500.0
783,North by South,software,45.0,2007.0,"{'type': 'Point', 'coordinates': [-122.409893, 37.776295]}",37.776295,-122.409893,0.0
784,Idea Couture,consulting,200.0,2007.0,,Invalid lat long,Invalid lat long,0.0
785,thredUP,fashion,,2009.0,,Invalid lat long,Invalid lat long,25800.0
786,Clustrix,enterprise,,2006.0,,Invalid lat long,Invalid lat long,47800.0
787,Cloudkick,enterprise,15.0,2009.0,,Invalid lat long,Invalid lat long,2750.0
788,Foursquare,mobile,170.0,2009.0,,Invalid lat long,Invalid lat long,147000.0
789,ITDatabase,software,12.0,2007.0,"{'type': 'Point', 'coordinates': [-122.437716, 37.778545]}",37.778545,-122.437716,0.0
790,SuperSecret,web,,,"{'type': 'Point', 'coordinates': [-122.3956019, 37.7775896]}",37.7775896,-122.3956019,10000.0
791,Fiabee,network_hosting,15.0,2008.0,,Invalid lat long,Invalid lat long,0.0
792,ividence,advertising,30.0,2008.0,,Invalid lat long,Invalid lat long,9700.0
793,IBWIRE Inc,advertising,,2009.0,"{'type': 'Point', 'coordinates': [-122.4030739, 37.7944822]}",37.7944822,-122.4030739,0.0
794,Home-Account,finance,10.0,2008.0,"{'type': 'Point', 'coordinates': [-122.391686, 37.778551]}",37.778551,-122.391686,1000.0
795,MCLA The Lax Mag,other,3.0,2007.0,"{'type': 'Point', 'coordinates': [-122.434564, 37.783993]}",37.783993,-122.434564,0.0
796,TechSoup Global,other,,1987.0,,Invalid lat long,Invalid lat long,0.0
797,Zelos Group,mobile,,,,Invalid lat long,Invalid lat long,0.0
798,MarkMonitor,security,,1999.0,,Invalid lat long,Invalid lat long,12000.0
799,Fan Centric,web,9.0,2005.0,"{'type': 'Point', 'coordinates': [-122.3968175, 37.7805399]}",37.7805399,-122.3968175,0.0
800,Pict,ecommerce,5.0,2012.0,,Invalid lat long,Invalid lat long,1400.0
801,Groxis,,,2001.0,,Invalid lat long,Invalid lat long,4000.0
802,One Kings Lane,ecommerce,,2009.0,,Invalid lat long,Invalid lat long,113000.0
803,CleanTechies,cleantech,3.0,2008.0,"{'type': 'Point', 'coordinates': [-122.4438929, 37.7717185]}",37.7717185,-122.4438929,0.0
804,CogniSign,software,,,,Invalid lat long,Invalid lat long,0.0
805,Basho Technologies,software,110.0,2007.0,,Invalid lat long,Invalid lat long,29900.0
806,CoTweet,advertising,18.0,2009.0,"{'type': 'Point', 'coordinates': [-122.3764714, 37.7405936]}",37.7405936,-122.3764714,1100.0
807,Bomgar,software,150.0,2003.0,"{'type': 'Point', 'coordinates': [-122.398126, 37.791128]}",37.791128,-122.398126,11000.0
808,Fluid,ecommerce,125.0,1999.0,,Invalid lat long,Invalid lat long,24000.0
809,Twazzup,web,,2009.0,"{'type': 'Point', 'coordinates': [-122.419204, 37.775196]}",37.775196,-122.419204,0.0
810,Samasource,enterprise,25.0,2008.0,"{'type': 'Point', 'coordinates': [-122.401803, 37.778991]}",37.778991,-122.401803,1210.0
811,Kaseya,software,400.0,2000.0,"{'type': 'Point', 'coordinates': [-122.39339, 37.791575]}",37.791575,-122.39339,0.0
812,Thrillcall,web,,2008.0,"{'type': 'Point', 'coordinates': [-122.401497, 37.792324]}",37.792324,-122.401497,0.0
813,MyCollegeCalendar,web,12.0,2007.0,"{'type': 'Point', 'coordinates': [-122.4099154, 37.7726402]}",37.7726402,-122.4099154,0.0
814,Zencoder,software,10.0,2007.0,,Invalid lat long,Invalid lat long,2000.0
815,Shopseen,ecommerce,2.0,2013.0,"{'type': 'Point', 'coordinates': [-122.214897, 37.772323]}",37.772323,-122.214897,0.0
816,Riviera Partners,other,80.0,2002.0,"{'type': 'Point', 'coordinates': [-122.3938931, 37.7766184]}",37.7766184,-122.3938931,0.0
817,vLinx,other,25.0,2002.0,"{'type': 'Point', 'coordinates': [-122.4134434, 37.8047037]}",37.8047037,-122.4134434,0.0
818,myGreek,web,10.0,2008.0,"{'type': 'Point', 'coordinates': [-122.42044, 37.772287]}",37.772287,-122.42044,0.0
819,Bamboudesign,mobile,2.0,2008.0,"{'type': 'Point', 'coordinates': [-122.415199, 37.775087]}",37.775087,-122.415199,0.0
820,PB Strategic Consultancy,mobile,5.0,1999.0,"{'type': 'Point', 'coordinates': [-122.4184108, 37.7581148]}",37.7581148,-122.4184108,0.0
821,Bluewolf,consulting,300.0,2000.0,"{'type': 'Point', 'coordinates': [-122.394, 37.79215]}",37.79215,-122.394,0.0
822,Birst,enterprise,150.0,2004.0,"{'type': 'Point', 'coordinates': [-122.404113, 37.789471]}",37.789471,-122.404113,64000.0
823,NaturalMotion,games_video,150.0,2001.0,"{'type': 'Point', 'coordinates': [-122.3989996, 37.7875304]}",37.7875304,-122.3989996,0.0
824,Mashape,enterprise,15.0,2010.0,,Invalid lat long,Invalid lat long,1600.0
825,LendingKarma,legal,1.0,2009.0,"{'type': 'Point', 'coordinates': [-122.4186, 37.7753]}",37.7753,-122.4186,0.0
826,Huge,consulting,600.0,1999.0,,Invalid lat long,Invalid lat long,0.0
827,vivid studios,web,,,,Invalid lat long,Invalid lat long,0.0
828,Netbiscuits,mobile,145.0,2000.0,"{'type': 'Point', 'coordinates': [-122.4264417, 37.7550372]}",37.7550372,-122.4264417,27000.0
829,Nextstop,web,,2009.0,"{'type': 'Point', 'coordinates': [-122.4025976, 37.7710177]}",37.7710177,-122.4025976,0.0
830,Square,mobile,600.0,2009.0,,Invalid lat long,Invalid lat long,341000.0
831,ArcTouch,mobile,45.0,2008.0,"{'type': 'Point', 'coordinates': [-122.392343, 37.779868]}",37.779868,-122.392343,0.0
832,Fotomoto,ecommerce,,2008.0,"{'type': 'Point', 'coordinates': [-122.3948712, 37.7795014]}",37.7795014,-122.3948712,1820.0
833,Breakaway Communications,public_relations,20.0,2004.0,"{'type': 'Point', 'coordinates': [-122.392342, 37.782862]}",37.782862,-122.392342,0.0
834,Velti,mobile,,2001.0,,Invalid lat long,Invalid lat long,32000.0
835,Miyowa,mobile,70.0,2003.0,,Invalid lat long,Invalid lat long,10900.0
836,SimpleGeo,advertising,25.0,2009.0,,Invalid lat long,Invalid lat long,9810.0
837,Canopy Financial,finance,100.0,2004.0,"{'type': 'Point', 'coordinates': [-122.392148, 37.791388]}",37.791388,-122.392148,89500.0
838,AppNinjas,mobile,1.0,2009.0,"{'type': 'Point', 'coordinates': [-122.4000032, 37.7983181]}",37.7983181,-122.4000032,0.0
839,ContinuumGlobal,other,100.0,2003.0,"{'type': 'Point', 'coordinates': [-122.3942549, 37.7824672]}",37.7824672,-122.3942549,0.0
840,Marketcetera,software,,2006.0,"{'type': 'Point', 'coordinates': [-122.4008487, 37.788864]}",37.788864,-122.4008487,4000.0
841,FanBridge,games_video,,2006.0,,Invalid lat long,Invalid lat long,2350.0
842,gdgt,hardware,17.0,2009.0,,Invalid lat long,Invalid lat long,3720.0
843,RainStor,analytics,40.0,2004.0,"{'type': 'Point', 'coordinates': [-2.235187, 51.865488]}",51.865488,-2.235187,26300.0
844,Playboox,software,,,"{'type': 'Point', 'coordinates': [-122.4000192, 37.7870283]}",37.7870283,-122.4000192,3000.0
845,PlantSense,web,,2006.0,"{'type': 'Point', 'coordinates': [-122.4183929, 37.7697623]}",37.7697623,-122.4183929,8660.0
846,Sephora USA,other,,1998.0,,Invalid lat long,Invalid lat long,0.0
847,Topsy Labs,analytics,45.0,2007.0,"{'type': 'Point', 'coordinates': [-122.419204, 37.775196]}",37.775196,-122.419204,35200.0
848,Five Prime Therapeutics,biotech,,2002.0,"{'type': 'Point', 'coordinates': [-122.393799, 37.7676285]}",37.7676285,-122.393799,117000.0
849,Motally,mobile,,,"{'type': 'Point', 'coordinates': [-122.3921131, 37.7818188]}",37.7818188,-122.3921131,750.0
850,Ecast,games_video,,1999.0,,Invalid lat long,Invalid lat long,30300.0
851,Funji,games_video,,2008.0,,Invalid lat long,Invalid lat long,0.0
852,Life360,mobile,40.0,2008.0,,Invalid lat long,Invalid lat long,26100.0
853,Fliptop,enterprise,16.0,2010.0,"{'type': 'Point', 'coordinates': [-122.419209, 37.775206]}",37.775206,-122.419209,6790.0
854,Mamapedia,,,2004.0,,Invalid lat long,Invalid lat long,4600.0
855,Sunrun,cleantech,180.0,2007.0,"{'type': 'Point', 'coordinates': [-122.4041075, 37.7871306]}",37.7871306,-122.4041075,337000.0
856,sipgate,public_relations,4.0,2008.0,"{'type': 'Point', 'coordinates': [-122.4020588, 37.7919639]}",37.7919639,-122.4020588,0.0
857,OpenAmplify,software,30.0,,,Invalid lat long,Invalid lat long,0.0
858,Netcentives,other,496.0,,,Invalid lat long,Invalid lat long,0.0
859,Informatix,software,,1986.0,,Invalid lat long,Invalid lat long,0.0
860,ACT Biotech,biotech,,2008.0,"{'type': 'Point', 'coordinates': [-122.4041075, 37.7871306]}",37.7871306,-122.4041075,27000.0
861,Sauce Labs,enterprise,40.0,2008.0,,Invalid lat long,Invalid lat long,14000.0
862,GottaPark,web,9.0,2007.0,"{'type': 'Point', 'coordinates': [-122.4011603, 37.7868333]}",37.7868333,-122.4011603,600.0
863,Talent Basket,other,3.0,2008.0,"{'type': 'Point', 'coordinates': [-122.419204, 37.775196]}",37.775196,-122.419204,0.0
864,ReTargeter,advertising,,2009.0,,Invalid lat long,Invalid lat long,825.0
865,Urban Airship,mobile,165.0,2009.0,,Invalid lat long,Invalid lat long,46600.0
866,Duane Morris LLP,legal,,,,Invalid lat long,Invalid lat long,0.0
867,L'Atelier BNP Paribas,consulting,35.0,1978.0,"{'type': 'Point', 'coordinates': [-122.3882112, 37.7577648]}",37.7577648,-122.3882112,0.0
868,See's Candies,other,,1921.0,,Invalid lat long,Invalid lat long,0.0
869,Viator,web,,1995.0,"{'type': 'Point', 'coordinates': [-122.40084, 37.78671]}",37.78671,-122.40084,0.0
870,Finest Expert,web,3.0,2009.0,"{'type': 'Point', 'coordinates': [-122.419204, 37.775196]}",37.775196,-122.419204,0.0
871,Recurrent Energy,cleantech,,,"{'type': 'Point', 'coordinates': [-122.404448, 37.805289]}",37.805289,-122.404448,85000.0
872,One Simple Move,web,4.0,2008.0,"{'type': 'Point', 'coordinates': [-122.402922, 37.800482]}",37.800482,-122.402922,0.0
873,Brondell,manufacturing,,2003.0,,Invalid lat long,Invalid lat long,0.0
874,Sega,games_video,,1940.0,,Invalid lat long,Invalid lat long,0.0
875,Vevo,games_video,,2009.0,,Invalid lat long,Invalid lat long,0.0
876,Informatix Laboratories Corporation,consulting,,,"{'type': 'Point', 'coordinates': [-122.4021273, 37.7923058]}",37.7923058,-122.4021273,0.0
877,Sticher,games_video,,2008.0,"{'type': 'Point', 'coordinates': [-122.4166061, 37.8093381]}",37.8093381,-122.4166061,100.0
878,Autonomic Technologies,medical,,2007.0,"{'type': 'Point', 'coordinates': [-122.419204, 37.775196]}",37.775196,-122.419204,55000.0
879,Context Optional,other,45.0,2006.0,,Invalid lat long,Invalid lat long,0.0
880,Osprey Pharmaceuticals USA,biotech,,1998.0,"{'type': 'Point', 'coordinates': [-122.419204, 37.775196]}",37.775196,-122.419204,16900.0
881,UTOPY,software,40.0,1999.0,"{'type': 'Point', 'coordinates': [-122.411157, 37.767575]}",37.767575,-122.411157,7500.0
882,Eba Systems,mobile,,,,Invalid lat long,Invalid lat long,0.0
883,Siluria Technologies,nanotech,,2008.0,"{'type': 'Point', 'coordinates': [-122.1802812, 37.4484914]}",37.4484914,-122.1802812,103000.0
884,SuperFan,web,,,"{'type': 'Point', 'coordinates': [-122.404121, 37.790024]}",37.790024,-122.404121,0.0
885,Bigpoint,games_video,500.0,2002.0,,Invalid lat long,Invalid lat long,457800.0
886,ZoomSystems,hardware,100.0,2002.0,"{'type': 'Point', 'coordinates': [-122.391061, 37.781689]}",37.781689,-122.391061,87000.0
887,Exent,games_video,100.0,1992.0,"{'type': 'Point', 'coordinates': [-122.402759, 37.787646]}",37.787646,-122.402759,3000.0
888,Scout Labs,enterprise,,,"{'type': 'Point', 'coordinates': [-122.419204, 37.775196]}",37.775196,-122.419204,4000.0
889,Rassak Experience,public_relations,,,,Invalid lat long,Invalid lat long,0.0
890,Mondo Media,games_video,9.0,1983.0,"{'type': 'Point', 'coordinates': [-122.402021, 37.764169]}",37.764169,-122.402021,0.0
891,TwtBks,web,3.0,2009.0,"{'type': 'Point', 'coordinates': [-122.4160008, 37.7611016]}",37.7611016,-122.4160008,25.0
892,Quantal,,,,"{'type': 'Point', 'coordinates': [-122.398634, 37.790947]}",37.790947,-122.398634,0.0
893,Nexant,software,,2000.0,,Invalid lat long,Invalid lat long,82500.0
894,TeachScape,software,,1999.0,"{'type': 'Point', 'coordinates': [-122.4043924, 37.7869047]}",37.7869047,-122.4043924,16000.0
895,Calypso Technology,software,386.0,1997.0,"{'type': 'Point', 'coordinates': [-122.400655, 37.789318]}",37.789318,-122.400655,0.0
896,Cybersource,enterprise,,,,Invalid lat long,Invalid lat long,0.0
897,Roc2Loc,cleantech,,,"{'type': 'Point', 'coordinates': [-122.407764, 37.782475]}",37.782475,-122.407764,2000.0
898,Fuze Box,software,120.0,2009.0,,Invalid lat long,Invalid lat long,0.0
899,Danoo,advertising,,2005.0,"{'type': 'Point', 'coordinates': [-122.4008634, 37.7888523]}",37.7888523,-122.4008634,0.0
900,UCWeb,software,1700.0,2004.0,"{'type': 'Point', 'coordinates': [-122.4013217, 37.7814765]}",37.7814765,-122.4013217,0.0
901,Grassroots,public_relations,,,"{'type': 'Point', 'coordinates': [-122.40185, 37.790346]}",37.790346,-122.40185,0.0
902,DJ Nitrogen,games_video,8.0,2007.0,"{'type': 'Point', 'coordinates': [-122.4494082, 37.7841737]}",37.7841737,-122.4494082,0.0
903,G5 Entertainment,games_video,107.0,2006.0,,Invalid lat long,Invalid lat long,0.0
904,Embarcadero Technologies,software,450.0,1993.0,"{'type': 'Point', 'coordinates': [-122.398062, 37.793949]}",37.793949,-122.398062,0.0
905,Lift Media,ecommerce,,2008.0,,Invalid lat long,Invalid lat long,0.0
